Category,Category_binary,Rating,Reviews,Installs,Price
GAME,0,4.5,33,1000,0.0
SPORTS,1,4.1,459795,50000000,0.0
GAME,0,4.4,4396,100000,0.0
GAME,0,4.9,37302,500000,0.0
SPORTS,1,4.3,36490,1000000,0.0
GAME,0,4.5,6181640,100000000,0.0
SPORTS,1,2.7,3,100,0.0
GAME,0,4.5,100,1000,3.99
GAME,0,4.2,522466,10000000,0.0
SPORTS,1,4.6,251618,10000000,0.0
GAME,0,4.4,5566908,100000000,0.0
SPORTS,1,4.1,3405,100000,0.0
GAME,0,4.1,101,10000,0.0
GAME,0,4.4,524467,10000000,0.0
SPORTS,1,3.6,30,5000,0.0
GAME,0,4.2,360630,50000000,0.0
SPORTS,1,4.8,33,5000,0.0
SPORTS,1,3.5,43,10000,0.0
SPORTS,1,4.8,31665,1000000,0.0
GAME,0,4.4,32496,1000000,0.99
SPORTS,1,4.4,63650,1000000,0.0
SPORTS,1,4.6,28951,1000000,0.0
SPORTS,1,4.6,29673,1000000,0.0
SPORTS,1,1.8,5,1000,0.0
GAME,0,4.7,1535581,50000000,0.0
GAME,0,4.3,165888,5000000,0.0
GAME,0,4.1,29798,1000000,0.0
SPORTS,1,4.5,14184910,100000000,0.0
SPORTS,1,4.4,708710,10000000,0.0
GAME,0,4.6,759838,10000000,0.0
SPORTS,1,4.4,133833,10000000,0.0
SPORTS,1,4.3,12,1000,0.0
SPORTS,1,3.9,26,1000,0.0
GAME,0,4.5,264282,10000000,0.0
SPORTS,1,4.0,11085,1000000,0.0
GAME,0,4.2,3247,500000,0.0
GAME,0,4.3,10486018,500000000,0.0
SPORTS,1,3.7,215,10000,0.0
GAME,0,4.4,2610622,100000000,0.0
SPORTS,1,4.4,33,5000,0.0
GAME,0,4.3,525517,10000000,0.0
GAME,0,4.2,52390,5000000,0.0
GAME,0,4.1,11258,500000,0.0
GAME,0,4.8,549720,10000000,0.0
SPORTS,1,4.4,199739,10000000,0.0
GAME,0,4.5,947515,10000000,0.0
SPORTS,1,2.2,6,100,0.0
SPORTS,1,4.5,126017,5000000,0.0
SPORTS,1,4.6,28951,1000000,0.0
GAME,0,4.6,2698889,100000000,0.0
GAME,0,3.7,38767,5000000,0.0
SPORTS,1,2.8,1189,100000,0.0
SPORTS,1,4.5,501144,10000000,0.0
SPORTS,1,4.1,6808,500000,0.0
SPORTS,1,4.1,111462,5000000,0.0
GAME,0,3.1,440,50000,0.0
GAME,0,4.0,24312,500000,0.0
SPORTS,1,4.0,9971,1000000,0.0
GAME,0,4.0,6386,500000,0.0
GAME,0,4.1,13304,1000000,0.0
SPORTS,1,3.1,3042,500000,0.0
GAME,0,4.6,10979062,100000000,0.0
SPORTS,1,4.5,2710,100000,0.0
GAME,0,4.2,951435,50000000,0.0
SPORTS,1,4.1,3387,50000,29.99
SPORTS,1,3.7,20,1000,0.0
GAME,0,4.1,7728,500000,0.0
SPORTS,1,3.4,5,1000,0.0
SPORTS,1,4.2,82882,5000000,0.0
GAME,0,4.4,13079,500000,0.0
GAME,0,1.0,1,1000,0.0
GAME,0,4.3,194969,10000000,0.0
SPORTS,1,4.6,24094,1000000,0.0
GAME,0,4.6,15829,1000000,0.0
SPORTS,1,2.9,3017,100000,0.0
GAME,0,4.4,1218,500000,0.0
GAME,0,4.7,2066,100000,0.0
SPORTS,1,3.8,89,10000,0.0
GAME,0,4.2,21661,1000000,0.0
GAME,0,4.5,29940,1000000,0.0
SPORTS,1,4.5,75571,1000000,0.0
SPORTS,1,4.4,12858,500000,0.0
SPORTS,1,3.9,386,50000,0.0
GAME,0,4.6,5419676,100000000,0.0
SPORTS,1,4.4,122282,5000000,0.0
GAME,0,4.6,100609,1000000,0.0
GAME,0,4.3,1218055,100000000,0.0
GAME,0,4.7,142308,5000000,0.0
GAME,0,4.3,9951,1000000,0.0
SPORTS,1,4.4,132,10000,0.0
GAME,0,4.6,5418675,100000000,0.0
SPORTS,1,4.4,29864,1000000,0.0
SPORTS,1,4.7,12,500,0.0
GAME,0,4.7,57,1000,0.0
SPORTS,1,4.5,484,1000,4.99
SPORTS,1,4.7,499,50000,0.0
SPORTS,1,4.6,10198,100000,0.0
GAME,0,4.5,70,1000,0.0
GAME,0,4.6,760628,10000000,0.0
GAME,0,4.4,3058687,100000000,0.0
SPORTS,1,3.6,853,100000,0.0
SPORTS,1,4.4,20547,1000000,0.0
GAME,0,4.2,401643,10000000,0.0
GAME,0,4.2,4878,100000,0.0
GAME,0,4.6,29445,5000000,0.0
SPORTS,1,4.6,9873470,100000000,0.0
GAME,0,4.3,174755,10000000,0.0
SPORTS,1,4.6,216,10000,0.0
GAME,0,4.2,3816799,100000000,0.0
SPORTS,1,4.5,22,1000,0.0
GAME,0,4.6,8778,100000,0.0
GAME,0,4.2,145353,10000000,0.0
GAME,0,4.2,177542,10000000,0.0
GAME,0,4.4,208501,1000000,0.0
SPORTS,1,4.8,51227,1000000,0.0
SPORTS,1,4.6,2167,500000,0.0
GAME,0,4.6,190274,5000000,0.0
GAME,0,3.7,7885,500000,0.0
GAME,0,4.3,931595,10000000,0.0
GAME,0,4.2,51787,5000000,0.0
GAME,0,3.9,1987,100000,0.0
GAME,0,4.3,8649,1000000,0.0
GAME,0,4.5,2311785,10000000,0.0
GAME,0,4.3,101762,1000000,0.0
SPORTS,1,4.0,214,10000,0.0
SPORTS,1,3.9,63938,5000000,0.0
GAME,0,4.7,1351089,10000000,0.0
SPORTS,1,4.4,35,1000,7.99
SPORTS,1,4.4,1740,50000,0.0
SPORTS,1,3.9,21,1000,0.0
GAME,0,4.2,685450,100000000,0.0
GAME,0,4.3,1167143,100000000,0.0
SPORTS,1,4.5,1526,50000,0.0
GAME,0,5.0,4,50,1.99
GAME,0,4.6,6344,500000,0.0
GAME,0,3.9,41683,1000000,0.0
GAME,0,3.8,252,10000,16.99
GAME,0,4.4,18652,100000,2.99
SPORTS,1,4.5,559262,10000000,0.0
SPORTS,1,3.3,9663,1000000,0.0
SPORTS,1,3.8,1797,100000,0.0
GAME,0,4.4,348962,1000000,6.99
GAME,0,4.5,413,1000,4.99
SPORTS,1,4.4,11506,100000,0.0
GAME,0,4.4,306,10000,0.0
SPORTS,1,3.9,7376,1000000,0.0
SPORTS,1,4.4,12029,1000000,0.0
SPORTS,1,4.9,195,5000,0.0
GAME,0,4.6,44891723,100000000,0.0
GAME,0,4.4,8923587,100000000,0.0
SPORTS,1,4.8,10,1000,0.0
SPORTS,1,4.0,22,5000,0.0
SPORTS,1,4.1,23453,1000000,0.0
GAME,0,4.4,61746,500000,0.0
GAME,0,3.8,299,10000,0.0
GAME,0,4.4,83891,10000000,0.0
GAME,0,4.4,2123793,100000000,0.0
GAME,0,4.2,70389,1000000,0.0
SPORTS,1,4.6,48226,1000000,0.0
GAME,0,4.5,306764,10000000,0.0
GAME,0,4.3,5682,50000,1.99
SPORTS,1,4.5,117,1000,0.99
SPORTS,1,3.4,552,10000,0.0
SPORTS,1,4.3,91033,5000000,0.0
GAME,0,4.6,337913,5000000,0.0
GAME,0,4.6,10795,100000,5.99
GAME,0,4.0,7718,100000,0.0
GAME,0,4.3,1841061,50000000,0.0
GAME,0,4.4,135739,5000000,0.0
GAME,0,4.3,13788,1000000,0.0
GAME,0,4.4,140658,1000000,0.0
SPORTS,1,4.6,71266,1000000,0.0
GAME,0,4.2,32849,1000000,0.0
GAME,0,4.5,152658,1000000,0.0
GAME,0,4.3,211,50000,0.0
SPORTS,1,4.1,360,10000,0.0
GAME,0,4.3,45558,5000000,0.0
GAME,0,4.1,207,50000,0.0
SPORTS,1,3.8,85,5000,0.0
GAME,0,4.5,617732,10000000,0.0
GAME,0,4.5,2586261,100000000,0.0
SPORTS,1,2.6,114,10000,0.0
SPORTS,1,4.4,708674,10000000,0.0
SPORTS,1,4.0,11151,1000000,0.0
GAME,0,3.7,53,1000,0.0
GAME,0,3.9,6200,500000,0.0
GAME,0,4.6,3073251,50000000,0.0
SPORTS,1,4.7,113,1000,0.0
GAME,0,4.0,51067,5000000,0.0
SPORTS,1,4.4,16637,1000000,0.0
SPORTS,1,4.2,277939,5000000,0.0
GAME,0,4.2,2460,50000,0.99
GAME,0,4.4,243121,5000000,0.0
GAME,0,4.6,3656,100000,0.0
GAME,0,4.7,183343,5000000,0.0
SPORTS,1,4.1,438,50000,0.0
SPORTS,1,4.7,950,100000,0.0
SPORTS,1,4.6,161143,10000000,0.0
SPORTS,1,2.1,32,1000,0.0
SPORTS,1,2.1,86,10000,0.0
GAME,0,4.7,990796,10000000,0.0
GAME,0,4.7,1535084,50000000,0.0
GAME,0,4.2,3815614,100000000,0.0
GAME,0,3.8,488,100000,0.0
SPORTS,1,4.4,867920,10000000,0.0
SPORTS,1,4.1,21195,1000000,0.0
SPORTS,1,4.6,1641,10000,0.0
GAME,0,4.4,6199095,100000000,0.0
GAME,0,4.1,68057,10000000,0.0
SPORTS,1,3.8,1797,100000,0.0
GAME,0,4.2,1012,10000,0.0
SPORTS,1,3.7,5559,500000,0.0
GAME,0,4.2,250197,5000000,0.0
GAME,0,4.5,1375988,50000000,0.0
GAME,0,4.5,1137267,50000000,0.0
SPORTS,1,4.3,13724,1000000,0.0
SPORTS,1,4.4,70769,5000000,0.0
GAME,0,4.5,197979,1000000,0.0
GAME,0,4.6,155186,10000000,0.0
SPORTS,1,3.9,9765,1000000,0.0
SPORTS,1,4.0,43611,1000000,0.0
SPORTS,1,5.0,5,100,0.0
SPORTS,1,4.4,317,50000,0.0
SPORTS,1,3.5,1151,10000,0.0
GAME,0,4.7,1125438,10000000,0.0
GAME,0,4.7,416540,10000000,0.0
GAME,0,4.3,10354,1000000,0.0
GAME,0,4.3,504765,5000000,0.0
SPORTS,1,4.7,16570,500000,0.0
SPORTS,1,3.5,50179,1000000,0.0
GAME,0,4.2,3845,500000,0.0
SPORTS,1,3.9,4272,500000,0.0
SPORTS,1,4.6,1873516,50000000,0.0
SPORTS,1,4.7,14810,1000000,0.0
SPORTS,1,5.0,3,100,0.0
SPORTS,1,4.0,2490,500000,0.0
GAME,0,4.4,2610328,100000000,0.0
SPORTS,1,4.3,218,10000,0.0
SPORTS,1,4.0,3061,100000,0.0
GAME,0,4.5,1692,10000,4.99
SPORTS,1,4.1,10067,1000000,0.0
GAME,0,4.6,2750645,100000000,0.0
GAME,0,4.3,5785,500000,0.0
GAME,0,4.4,1563,50000,0.0
SPORTS,1,4.1,459795,50000000,0.0
SPORTS,1,4.0,1577,500000,0.0
SPORTS,1,4.5,82,5000,0.0
GAME,0,4.1,10424925,100000000,0.0
GAME,0,3.7,303,100000,0.0
GAME,0,4.5,462614,10000000,0.0
GAME,0,4.7,27856,100000,2.99
SPORTS,1,4.3,7287,1000000,0.0
GAME,0,4.3,5091448,100000000,0.0
SPORTS,1,5.0,5,100,0.0
GAME,0,4.2,839206,50000000,0.0
GAME,0,4.3,22333,1000000,0.0
GAME,0,4.5,17,500,0.0
GAME,0,3.6,51366,5000000,0.0
GAME,0,4.4,3452530,100000000,0.0
GAME,0,4.5,396090,10000000,0.0
GAME,0,3.7,1221896,100000000,0.0
SPORTS,1,4.0,49479,1000000,0.0
GAME,0,4.7,292164,10000000,0.0
GAME,0,4.4,4921122,100000000,0.0
SPORTS,1,4.4,16,1000,0.0
GAME,0,3.9,1202,100000,0.0
SPORTS,1,3.1,212,50000,0.0
GAME,0,4.6,1475,10000,4.99
GAME,0,4.5,14198297,100000000,0.0
GAME,0,3.7,16073,500000,0.0
SPORTS,1,4.4,465,500000,0.0
GAME,0,4.3,1300490,50000000,0.0
SPORTS,1,4.3,401,10000,0.0
SPORTS,1,4.2,277904,5000000,0.0
GAME,0,3.5,4575,500000,0.0
SPORTS,1,3.9,357417,10000000,0.0
GAME,0,4.1,84911,10000000,0.0
GAME,0,4.5,2526,100000,0.0
GAME,0,4.6,15,50,0.0
GAME,0,4.0,120592,10000000,0.0
GAME,0,4.5,2431,100000,0.0
GAME,0,4.2,17044,5000000,0.0
SPORTS,1,4.2,277900,5000000,0.0
SPORTS,1,4.4,122280,5000000,0.0
GAME,0,4.2,2180,100000,0.0
GAME,0,4.1,10421284,100000000,0.0
SPORTS,1,4.6,24094,1000000,0.0
SPORTS,1,2.6,13,1000,0.0
SPORTS,1,3.9,592,100000,0.0
SPORTS,1,4.3,6,100,0.0
GAME,0,4.0,23168,1000000,0.0
SPORTS,1,4.0,889,100000,0.0
GAME,0,4.4,1381820,10000000,0.0
SPORTS,1,4.6,111455,5000000,0.0
GAME,0,4.2,11408,1000000,0.0
SPORTS,1,4.3,1118201,10000000,0.0
SPORTS,1,2.7,135,10000,0.0
SPORTS,1,2.6,219,50000,0.0
SPORTS,1,4.5,532,10000,0.0
SPORTS,1,4.0,42,5000,0.0
SPORTS,1,4.3,95904,10000000,0.0
GAME,0,4.3,10485334,500000000,0.0
GAME,0,4.7,1125566,10000000,0.0
SPORTS,1,3.9,73,10000,0.0
SPORTS,1,3.9,77,10000,0.0
GAME,0,4.4,38419,1000000,0.99
SPORTS,1,4.5,2,100,0.0
SPORTS,1,4.3,48253,1000000,0.0
SPORTS,1,4.0,8100,1000000,0.0
GAME,0,3.8,8482,1000000,0.0
SPORTS,1,4.2,270267,5000000,0.0
SPORTS,1,4.6,20301,1000000,0.0
GAME,0,4.1,297,50000,0.0
SPORTS,1,5.0,8,1000,0.0
GAME,0,4.5,9881829,100000000,0.0
SPORTS,1,4.2,2509,1000000,0.0
GAME,0,3.0,49,5000,0.0
SPORTS,1,4.8,527,100000,0.0
SPORTS,1,4.7,21,1000,0.0
GAME,0,4.6,7672495,100000000,0.0
GAME,0,4.6,59907,5000000,0.0
SPORTS,1,4.2,798,50000,0.0
SPORTS,1,4.6,1733,500000,0.0
GAME,0,4.3,47698,5000000,0.0
GAME,0,4.1,155,1000,2.49
GAME,0,4.6,169661,10000000,0.0
SPORTS,1,4.6,969,10000,0.0
SPORTS,1,2.3,3,500,0.0
SPORTS,1,4.6,623,50000,0.0
SPORTS,1,3.9,249855,10000000,0.0
SPORTS,1,4.7,20304,500000,0.0
GAME,0,3.7,8581,1000000,0.0
SPORTS,1,3.9,5644,1000000,0.0
GAME,0,4.3,5731,1000000,0.0
GAME,0,2.8,9,500,0.0
GAME,0,4.2,4537,100000,0.0
GAME,0,4.5,14200344,100000000,0.0
SPORTS,1,4.4,13565,1000000,0.0
SPORTS,1,4.5,180938,10000000,0.0
GAME,0,3.8,270687,10000000,0.0
SPORTS,1,3.3,10,1000,0.0
GAME,0,4.5,114479,5000000,0.0
SPORTS,1,3.3,64,5000,0.0
SPORTS,1,4.6,251534,10000000,0.0
SPORTS,1,5.0,2,500,0.0
GAME,0,4.2,16876,1000000,0.0
GAME,0,3.6,182,50000,0.0
SPORTS,1,4.0,3,1000,0.0
GAME,0,4.6,12,50,0.0
GAME,0,4.4,1604146,10000000,0.0
SPORTS,1,4.5,32386,1000000,0.0
GAME,0,4.4,37023,10000000,0.0
GAME,0,4.0,127831,10000000,0.0
GAME,0,4.6,137338,5000000,0.0
GAME,0,4.0,90218,1000000,0.0
SPORTS,1,3.8,19221,5000000,0.0
GAME,0,4.2,33,1000,0.0
GAME,0,4.2,369203,50000000,0.0
SPORTS,1,4.7,407589,10000000,0.0
GAME,0,4.3,30002,1000000,0.0
SPORTS,1,4.1,18539,1000000,0.0
GAME,0,4.0,428268,10000000,0.0
GAME,0,4.3,421000,10000000,0.0
GAME,0,4.4,7412,100000,4.99
GAME,0,3.4,13,1000,0.0
GAME,0,2.7,1486,100000,0.0
GAME,0,4.2,26247,1000000,0.0
SPORTS,1,4.1,111465,5000000,0.0
SPORTS,1,4.2,23164,1000000,0.0
SPORTS,1,4.4,32881,1000000,0.0
SPORTS,1,4.3,752,100000,0.0
SPORTS,1,3.7,41917,10000000,0.0
SPORTS,1,4.2,1324,100000,0.0
SPORTS,1,4.6,549,50000,0.0
GAME,0,4.6,44893888,100000000,0.0
SPORTS,1,5.0,3,100,0.0
GAME,0,4.0,121082,10000000,0.0
GAME,0,4.2,4,10,0.0
GAME,0,5.0,2,1,0.99
SPORTS,1,4.7,1133393,10000000,0.0
SPORTS,1,3.2,16168,1000000,0.0
GAME,0,4.5,14201891,100000000,0.0
GAME,0,4.3,697805,50000000,0.0
SPORTS,1,4.3,1288,100000,0.0
GAME,0,3.8,35572,1000000,0.0
GAME,0,4.5,655067,10000000,0.0
SPORTS,1,4.5,459,10000,0.0
SPORTS,1,4.0,43611,1000000,0.0
SPORTS,1,4.8,10249,10000,2.49
SPORTS,1,4.3,91031,5000000,0.0
GAME,0,4.4,2610680,100000000,0.0
GAME,0,4.5,10748,1000000,0.0
GAME,0,4.6,8,100,0.99
GAME,0,4.6,267229,10000000,0.0
SPORTS,1,4.5,93691,5000000,0.0
SPORTS,1,4.5,233243,5000000,0.0
SPORTS,1,4.6,109756,5000000,0.0
SPORTS,1,3.0,9,1000,0.0
GAME,0,3.9,6988,100000,0.0
GAME,0,3.8,4719,500000,0.0
SPORTS,1,4.3,7895,500000,0.0
SPORTS,1,3.7,20879,1000000,0.0
SPORTS,1,4.5,14394,500000,0.0
GAME,0,4.3,56496,1000000,0.0
SPORTS,1,4.2,270294,5000000,0.0
GAME,0,3.8,10,1000,0.0
GAME,0,4.3,23043,5000000,0.0
GAME,0,4.1,104583,1000000,0.0
GAME,0,4.2,1498648,100000000,0.0
GAME,0,4.5,2308916,10000000,0.0
SPORTS,1,4.7,19,1000,0.0
GAME,0,3.8,17,1000,0.0
GAME,0,4.4,18621,100000,2.99
GAME,0,4.3,213340,10000000,0.0
GAME,0,4.2,340,50000,0.0
SPORTS,1,2.4,221,10000,0.0
GAME,0,4.4,4067651,100000000,0.0
GAME,0,4.3,34494,5000000,0.0
GAME,0,4.4,4066980,100000000,0.0
GAME,0,3.3,5290,500000,0.0
GAME,0,4.2,195558,10000000,0.0
SPORTS,1,3.9,188834,10000000,0.0
SPORTS,1,4.7,759,50000,0.0
GAME,0,4.0,368,50000,0.0
SPORTS,1,3.2,499,100000,0.0
GAME,0,4.4,10786,1000000,0.0
SPORTS,1,3.8,52,10000,0.0
GAME,0,4.2,212067,10000000,0.0
SPORTS,1,3.3,1045,100000,0.0
GAME,0,4.5,16162,100000,2.99
GAME,0,4.3,183,10000,0.0
GAME,0,4.3,25952,500000,0.0
GAME,0,4.6,19070,100000,0.0
SPORTS,1,4.1,7,100,3.49
GAME,0,4.5,1914,100000,0.0
GAME,0,4.4,11023,100000,3.99
GAME,0,4.5,4449910,100000000,0.0
GAME,0,4.6,291941,10000000,0.0
GAME,0,4.1,154519,10000000,0.0
SPORTS,1,4.4,70416,5000000,0.0
SPORTS,1,3.5,7869,1000000,0.0
SPORTS,1,5.0,4,50,0.0
SPORTS,1,3.6,25,1000,3.99
GAME,0,4.5,4972230,100000000,0.0
GAME,0,4.6,23136735,100000000,0.0
GAME,0,4.5,592282,50000000,0.0
SPORTS,1,4.5,2943,100000,0.0
SPORTS,1,4.5,398307,10000000,0.0
SPORTS,1,4.4,1721943,10000000,0.0
SPORTS,1,4.6,28,1000,0.0
GAME,0,3.6,517,50000,0.0
GAME,0,4.4,74673,10000000,0.0
SPORTS,1,3.9,76346,5000000,0.0
GAME,0,4.2,924,100000,0.0
GAME,0,4.6,2027,100000,0.0
SPORTS,1,4.8,4559407,100000000,0.0
SPORTS,1,4.9,82,5000,0.0
GAME,0,4.7,403911,10000000,0.0
SPORTS,1,3.9,282727,10000000,0.0
GAME,0,4.1,166251,5000000,0.0
SPORTS,1,5.0,32,1000,0.0
SPORTS,1,2.9,6627,500000,0.0
GAME,0,4.5,1385093,100000000,0.0
GAME,0,4.5,910051,10000000,0.0
SPORTS,1,4.0,7808,1000000,0.0
GAME,0,4.3,42053,10000000,0.0
GAME,0,4.3,54221,1000000,0.0
GAME,0,4.4,275447,10000000,0.0
GAME,0,4.2,1485806,100000000,0.0
GAME,0,4.2,51791,1000000,0.0
GAME,0,4.1,2208,500000,0.0
GAME,0,4.2,3946,100000,0.0
SPORTS,1,4.4,122282,5000000,0.0
SPORTS,1,4.1,288809,10000000,0.0
GAME,0,4.0,505,10000,0.0
SPORTS,1,4.3,63580,5000000,0.0
SPORTS,1,4.2,3448,100000,0.0
SPORTS,1,4.0,176487,5000000,0.0
GAME,0,4.4,21,5000,0.0
SPORTS,1,4.2,15068,1000000,0.0
SPORTS,1,3.6,1067,100000,0.0
GAME,0,4.1,4107,50000,4.99
GAME,0,4.5,189773,5000000,0.0
GAME,0,4.3,1295625,100000000,0.0
SPORTS,1,2.8,3187,100000,0.0
GAME,0,4.6,1226514,10000000,0.0
SPORTS,1,4.1,360,10000,0.0
SPORTS,1,4.2,29756,1000000,0.0
SPORTS,1,4.4,3451011,50000000,0.0
SPORTS,1,4.8,3346,50000,0.0
GAME,0,3.3,19291,1000000,0.0
GAME,0,4.4,161637,10000000,0.0
SPORTS,1,4.4,38343,1000000,0.0
GAME,0,4.7,1535973,50000000,0.0
GAME,0,4.4,12736,1000000,0.0
GAME,0,3.9,29990,1000000,0.0
GAME,0,3.8,4116,100000,0.0
SPORTS,1,4.5,11,1000,0.0
SPORTS,1,3.6,67,5000,0.0
GAME,0,4.5,354373,10000000,0.0
GAME,0,4.4,153649,10000000,0.0
GAME,0,4.5,73539,1000000,0.0
SPORTS,1,4.3,39878,1000000,0.0
GAME,0,4.2,422244,50000000,0.0
SPORTS,1,4.2,2563,100000,0.0
SPORTS,1,4.1,91935,10000000,0.0
GAME,0,4.7,15,100,0.99
SPORTS,1,4.6,2019,100000,0.0
GAME,0,4.2,109263,1000000,0.0
SPORTS,1,3.9,2042,100000,0.0
GAME,0,4.4,2975,50000,1.99
SPORTS,1,4.8,221722,10000000,0.0
GAME,0,4.7,6187,100000,0.0
SPORTS,1,3.5,8,1000,0.0
SPORTS,1,4.9,301,10000,0.0
SPORTS,1,4.2,894,50000,0.0
SPORTS,1,5.0,2,100,0.0
GAME,0,3.4,107778,10000000,0.0
GAME,0,4.5,3777822,100000000,0.0
SPORTS,1,4.3,33572,1000000,0.0
SPORTS,1,4.7,50294,1000000,0.0
GAME,0,3.8,1363,100000,0.0
SPORTS,1,4.3,7543,500000,0.0
SPORTS,1,4.6,48226,1000000,0.0
SPORTS,1,4.8,5103,100000,0.0
SPORTS,1,4.4,39364,5000000,0.0
GAME,0,3.9,2588,100000,0.0
GAME,0,4.2,1092106,50000000,0.0
GAME,0,4.2,640974,50000000,0.0
GAME,0,4.0,301895,50000000,0.0
SPORTS,1,4.5,53652,1000000,0.0
GAME,0,4.4,452589,10000000,0.0
SPORTS,1,3.9,76340,5000000,0.0
SPORTS,1,4.6,51357,5000000,0.0
GAME,0,4.4,41975,1000000,0.0
GAME,0,4.1,14002,1000000,0.0
GAME,0,4.6,4578476,50000000,0.0
GAME,0,4.6,515240,10000000,0.0
SPORTS,1,4.5,144040,5000000,0.0
SPORTS,1,3.0,552,50000,0.0
SPORTS,1,4.9,42,1000,0.0
GAME,0,4.8,8191,100000,0.0
GAME,0,4.5,343263,10000000,0.0
SPORTS,1,4.6,147,10000,0.0
SPORTS,1,4.0,28895,5000000,0.0
SPORTS,1,4.6,815893,10000000,0.0
SPORTS,1,3.3,974,10000,0.0
SPORTS,1,4.5,7457,1000000,0.0
GAME,0,4.3,696019,50000000,0.0
SPORTS,1,4.2,43191,5000000,0.0
SPORTS,1,4.5,31,1000,0.0
GAME,0,3.5,196,10000,0.0
GAME,0,3.3,294,10000,0.0
GAME,0,4.4,212524,5000000,0.0
GAME,0,4.5,5387639,100000000,0.0
SPORTS,1,4.5,1886,500000,0.0
SPORTS,1,4.6,251534,10000000,0.0
SPORTS,1,3.8,718,10000,399.99
GAME,0,4.6,214878,10000000,0.0
GAME,0,4.3,1489,100000,0.0
GAME,0,4.6,506275,10000000,0.0
SPORTS,1,4.7,6,100,0.0
SPORTS,1,4.5,9116,500000,0.0
GAME,0,4.4,5565856,100000000,0.0
SPORTS,1,4.3,34062,1000000,0.0
SPORTS,1,4.0,68935,5000000,0.0
GAME,0,4.3,2468915,50000000,0.0
SPORTS,1,4.5,27439,1000000,0.0
SPORTS,1,4.6,990,100000,0.0
SPORTS,1,5.0,33,500,0.0
SPORTS,1,3.1,500,50000,0.0
SPORTS,1,4.0,2487,1000000,0.0
GAME,0,4.5,32344,1000000,0.99
SPORTS,1,5.0,10,1000,0.0
GAME,0,4.4,22428456,500000000,0.0
GAME,0,4.6,152395,10000000,0.0
GAME,0,4.3,1305050,50000000,0.0
GAME,0,4.4,3715656,50000000,0.0
SPORTS,1,4.6,77563,10000000,0.0
GAME,0,4.4,1107197,10000000,0.0
GAME,0,4.6,44891723,100000000,0.0
GAME,0,4.5,1138239,50000000,0.0
SPORTS,1,4.1,10,1000,0.0
SPORTS,1,4.5,27439,1000000,0.0
GAME,0,4.3,22773,1000000,0.0
GAME,0,3.9,1290,100000,0.0
SPORTS,1,4.3,1539,50000,0.0
GAME,0,4.4,1644,10000,7.99
GAME,0,4.6,1327269,50000000,0.0
GAME,0,4.3,955614,10000000,0.0
GAME,0,4.2,13004,100000,6.99
SPORTS,1,4.3,7557,100000,0.0
GAME,0,3.4,5,50,0.0
GAME,0,4.1,5341,100000,0.0
GAME,0,4.1,753043,100000000,0.0
GAME,0,4.8,526595,10000000,0.0
SPORTS,1,4.3,4848,1000000,0.0
GAME,0,4.4,105620,1000000,0.0
SPORTS,1,4.6,115721,10000000,0.0
GAME,0,4.1,71476,1000000,0.0
SPORTS,1,3.8,38,5000,0.0
GAME,0,4.1,42079,5000000,0.0
SPORTS,1,3.5,155,10000,0.0
GAME,0,4.2,55014,1000000,0.0
GAME,0,4.2,951,100000,0.0
GAME,0,3.9,2362,100000,0.0
GAME,0,4.0,29462,1000000,0.0
SPORTS,1,4.6,20161,1000000,0.0
GAME,0,4.1,91667,1000000,0.0
GAME,0,3.8,21423,1000000,0.0
GAME,0,4.2,128579,5000000,0.0
SPORTS,1,2.4,577,50000,0.0
SPORTS,1,4.2,82883,5000000,0.0
GAME,0,4.6,1123190,10000000,0.0
GAME,0,4.3,1295557,100000000,0.0
GAME,0,4.5,10440,50000,4.99
GAME,0,4.5,2032,50000,0.0
SPORTS,1,4.9,15883,100000,0.0
SPORTS,1,3.8,76,1000,4.99
SPORTS,1,3.9,1638,100000,0.0
GAME,0,4.2,5442,100000,0.0
GAME,0,4.5,1468591,50000000,0.0
GAME,0,4.2,3878,500000,0.0
SPORTS,1,4.2,277902,5000000,0.0
SPORTS,1,4.6,666521,10000000,0.0
SPORTS,1,4.0,53144,5000000,0.0
GAME,0,3.8,17372,1000000,0.0
GAME,0,4.2,47340,1000000,0.0
GAME,0,4.7,4328,100000,2.99
GAME,0,4.6,48256,1000000,0.0
GAME,0,4.1,1468,10000,4.99
GAME,0,4.3,247,10000,0.0
SPORTS,1,5.0,1,50,0.0
GAME,0,3.9,168,5000,1.99
GAME,0,4.3,187200,10000000,0.0
SPORTS,1,4.6,13098,1000000,0.0
GAME,0,4.6,58575,1000000,0.0
SPORTS,1,5.0,7,1000,0.0
GAME,0,4.5,38207,100000,9.99
GAME,0,4.6,23134775,100000000,0.0
SPORTS,1,3.0,859,100000,0.0
GAME,0,4.6,337752,5000000,0.0
GAME,0,3.6,2433,100000,0.0
GAME,0,4.5,27711703,1000000000,0.0
SPORTS,1,4.6,1238,100000,0.0
SPORTS,1,4.6,518,50000,0.0
SPORTS,1,4.6,77563,10000000,0.0
SPORTS,1,4.7,1566,50000,0.0
SPORTS,1,4.5,233243,5000000,0.0
GAME,0,4.4,5566805,100000000,0.0
GAME,0,4.5,8389714,100000000,0.0
SPORTS,1,3.5,1689,100000,0.0
SPORTS,1,3.7,492,50000,0.0
GAME,0,4.1,533,10000,0.0
GAME,0,4.0,154108,5000000,0.0
GAME,0,4.6,102107,5000000,0.0
GAME,0,4.4,29168,1000000,0.0
GAME,0,4.3,711719,10000000,0.0
SPORTS,1,4.4,426,5000,1.99
SPORTS,1,3.8,2548,100000,0.0
GAME,0,4.7,254258,10000000,0.0
GAME,0,4.2,828489,50000000,0.0
SPORTS,1,1.5,2,100,0.0
SPORTS,1,4.4,708753,10000000,0.0
GAME,0,4.4,3017,500000,0.0
GAME,0,4.6,568391,5000000,0.0
GAME,0,3.4,4490,100000,0.0
GAME,0,4.5,148945,10000000,0.0
GAME,0,4.2,4355,1000000,0.0
SPORTS,1,4.1,459797,50000000,0.0
SPORTS,1,4.2,18679,1000000,0.0
SPORTS,1,5.0,6,1000,0.0
GAME,0,3.5,3048,500000,0.0
GAME,0,4.0,271214,10000000,0.0
GAME,0,4.6,23133508,100000000,0.0
SPORTS,1,4.1,19230,1000000,0.0
SPORTS,1,4.4,26540,1000000,0.0
SPORTS,1,4.8,19543,100000,2.99
SPORTS,1,4.4,69395,10000000,0.0
SPORTS,1,4.4,27,10000,0.0
SPORTS,1,4.6,111450,5000000,0.0
SPORTS,1,4.5,827597,10000000,0.0
GAME,0,4.4,16601,500000,0.0
SPORTS,1,4.5,38487,1000000,0.0
GAME,0,4.4,39698,5000000,0.0
GAME,0,4.6,280098,10000000,0.0
SPORTS,1,4.6,284670,10000000,0.0
GAME,0,4.4,3057481,50000000,0.0
GAME,0,4.8,35,10000,0.0
GAME,0,4.6,17,100,14.0
SPORTS,1,3.5,293,50000,0.0
GAME,0,4.5,6427773,100000000,0.0
SPORTS,1,4.5,12,1000,0.0
GAME,0,4.4,12,1000,0.0
SPORTS,1,4.0,2894,500000,0.0
GAME,0,4.3,8118609,500000000,0.0
GAME,0,4.7,584126,10000000,0.0
SPORTS,1,4.1,556,10000,0.0
GAME,0,4.7,96028,1000000,0.0
SPORTS,1,3.0,543,50000,0.0
GAME,0,3.7,91,10000,0.0
GAME,0,4.6,506275,10000000,0.0
GAME,0,4.6,745684,5000000,0.0
GAME,0,4.6,515657,10000000,0.0
SPORTS,1,3.1,777,50000,0.0
SPORTS,1,4.1,290,50000,0.0
GAME,0,4.2,2113,100000,0.0
GAME,0,4.2,30630,1000000,0.0
SPORTS,1,3.9,138739,10000000,0.0
GAME,0,4.4,19816,1000000,0.0
GAME,0,4.1,2399,100000,0.0
GAME,0,3.9,24697,500000,0.0
SPORTS,1,2.0,8,1000,0.0
GAME,0,4.7,703,10000,0.0
SPORTS,1,4.5,106547,1000000,0.0
SPORTS,1,3.8,411,10000,299.99
SPORTS,1,4.3,87,10000,0.0
GAME,0,4.4,30253,1000000,0.0
GAME,0,4.2,33788,1000000,0.0
SPORTS,1,4.2,34356,1000000,0.0
GAME,0,4.0,69115,10000000,0.0
SPORTS,1,5.0,19,1000,0.0
SPORTS,1,4.2,1506,100000,0.0
SPORTS,1,4.4,133,10000,0.0
SPORTS,1,4.5,838738,50000000,0.0
GAME,0,4.7,59017,1000000,0.0
SPORTS,1,3.9,1075,50000,2.99
GAME,0,4.4,7614130,100000000,0.0
GAME,0,4.1,257531,10000000,0.0
GAME,0,4.6,337913,5000000,0.0
SPORTS,1,4.0,1,100,0.0
GAME,0,4.7,989158,10000000,0.0
GAME,0,4.3,56,1000,0.99
SPORTS,1,4.9,145,5000,1.99
GAME,0,4.1,1167,100000,0.0
SPORTS,1,5.0,2,100,0.0
GAME,0,4.6,7657490,100000000,0.0
GAME,0,4.7,725897,10000000,0.0
SPORTS,1,3.6,581,100000,0.0
GAME,0,4.2,304106,10000000,0.0
GAME,0,3.4,256,50000,0.0
SPORTS,1,4.3,1879,100000,0.0
SPORTS,1,4.5,10544,1000000,0.0
GAME,0,4.3,264755,10000000,0.0
GAME,0,4.0,630,10000,4.99
SPORTS,1,4.5,1203,500000,0.0
GAME,0,4.1,63680,1000000,0.0
SPORTS,1,4.5,2586,100000,0.0
GAME,0,4.5,1468638,50000000,0.0
SPORTS,1,4.1,78298,5000000,0.0
GAME,0,4.0,48,1000,1.99
SPORTS,1,4.8,31139,1000000,0.0
GAME,0,4.4,344819,5000000,0.0
SPORTS,1,5.0,2,10,0.0
SPORTS,1,4.4,133833,10000000,0.0
SPORTS,1,4.0,170973,5000000,0.0
GAME,0,4.4,248417,5000000,0.0
GAME,0,3.9,23104,1000000,0.0
GAME,0,3.9,85278,1000000,0.0
GAME,0,4.6,4128732,50000000,0.0
GAME,0,4.2,1499373,100000000,0.0
GAME,0,4.6,59854,5000000,0.0
GAME,0,5.0,2,1,1.49
SPORTS,1,4.6,1873520,50000000,0.0
SPORTS,1,4.3,5499,100000,0.0
GAME,0,4.4,327599,10000000,0.0
GAME,0,4.6,7672495,100000000,0.0
SPORTS,1,4.2,140883,5000000,0.0
SPORTS,1,4.4,400592,10000000,0.0
SPORTS,1,4.4,141163,10000000,0.0
SPORTS,1,4.5,27393,1000000,0.0
SPORTS,1,4.5,1605267,10000000,0.0
SPORTS,1,4.6,275,5000,2.99
SPORTS,1,4.2,112725,5000000,0.0
GAME,0,3.9,923,100000,0.0
SPORTS,1,4.5,4427,100000,0.0
SPORTS,1,4.5,706,100000,0.0
GAME,0,4.7,1889582,50000000,0.0
SPORTS,1,4.5,26102,1000000,0.0
SPORTS,1,3.8,250,50000,0.0
SPORTS,1,3.9,8638,500000,0.0
GAME,0,4.5,24210,500000,0.0
GAME,0,3.8,2102,100000,0.0
GAME,0,4.3,2468063,50000000,0.0
GAME,0,4.1,395,50000,0.0
SPORTS,1,1.9,71,5000,0.0
GAME,0,4.5,26985,5000000,0.0
GAME,0,4.5,549039,50000000,0.0
GAME,0,4.2,1500622,100000000,0.0
SPORTS,1,3.5,224,10000,0.0
GAME,0,3.4,29265,1000000,0.0
GAME,0,4.5,946926,50000000,0.0
SPORTS,1,4.6,1873520,50000000,0.0
SPORTS,1,4.3,985,500000,0.0
GAME,0,4.4,4638163,100000000,0.0
SPORTS,1,3.7,34079,5000000,0.0
GAME,0,4.4,8923818,100000000,0.0
SPORTS,1,4.1,107,10000,0.0
SPORTS,1,4.8,74,5000,0.0
SPORTS,1,4.5,97,10000,0.0
SPORTS,1,5.0,5,100,0.0
GAME,0,4.7,466495,10000000,0.0
SPORTS,1,4.3,2885,100000,0.0
GAME,0,4.3,90415,10000000,0.0
GAME,0,4.6,79,1000,0.0
SPORTS,1,4.1,5015,100000,0.0
GAME,0,4.6,2694969,100000000,0.0
SPORTS,1,2.0,11,1000,0.0
SPORTS,1,3.6,1067,100000,0.0
GAME,0,4.0,41759,1000000,0.0
GAME,0,4.1,18996,1000000,0.0
SPORTS,1,3.5,292,50000,0.0
SPORTS,1,4.2,18584,5000000,0.0
GAME,0,3.6,2065,100000,0.0
GAME,0,4.4,661,100000,0.0
GAME,0,4.8,230849,10000000,0.0
SPORTS,1,4.5,325738,10000000,0.0
SPORTS,1,4.2,251,10000,0.0
GAME,0,3.5,14823,1000000,0.0
GAME,0,4.5,4447346,100000000,0.0
SPORTS,1,4.0,41747,5000000,0.0
GAME,0,4.4,7,100,0.0
GAME,0,4.2,7699,500000,0.0
SPORTS,1,3.5,4,100,0.0
SPORTS,1,3.5,217,50000,0.0
GAME,0,4.3,8116142,500000000,0.0
SPORTS,1,4.3,7107,100000,0.0
SPORTS,1,4.7,20304,500000,0.0
SPORTS,1,4.3,340,5000,1.99
SPORTS,1,4.5,6238,500000,0.0
GAME,0,4.5,14200550,100000000,0.0
SPORTS,1,4.9,38098,5000000,0.0
GAME,0,4.3,10806,5000000,0.0
GAME,0,4.6,4304,100000,0.0
GAME,0,4.4,125652,10000000,0.0
GAME,0,4.3,240,50000,0.0
SPORTS,1,4.5,75571,1000000,0.0
SPORTS,1,4.6,18921,1000000,0.0
SPORTS,1,5.0,3,50,0.0
SPORTS,1,4.1,2469,100000,0.0
SPORTS,1,4.5,100,1000000,0.0
SPORTS,1,4.4,2020,100000,0.0
GAME,0,4.4,2123381,100000000,0.0
SPORTS,1,4.3,102,10000,0.0
GAME,0,4.0,14563,1000000,0.0
GAME,0,4.5,14201604,100000000,0.0
GAME,0,4.2,156862,5000000,0.0
GAME,0,3.7,63986,1000000,0.0
SPORTS,1,3.4,1520,50000,0.0
GAME,0,4.6,2750410,100000000,0.0
GAME,0,4.4,201426,5000000,0.0
GAME,0,4.6,1480182,10000000,0.0
GAME,0,3.7,38,1000,0.0
GAME,0,4.2,41444,1000000,0.0
SPORTS,1,3.7,84,1000,2.99
GAME,0,4.7,1351068,10000000,0.0
SPORTS,1,3.3,3,500,0.0
GAME,0,4.4,382100,10000000,0.0
SPORTS,1,3.7,818,100000,0.0
GAME,0,4.1,164,10000,0.0
SPORTS,1,4.4,69395,10000000,0.0
GAME,0,4.1,2628,100000,0.0
SPORTS,1,5.0,12,100,0.99
SPORTS,1,4.1,12452,500000,0.0
GAME,0,4.9,59,500,0.0
SPORTS,1,4.5,32606,1000000,0.0
GAME,0,4.5,3198176,100000000,0.0
GAME,0,4.5,2,100,1.99
GAME,0,4.5,3197865,100000000,0.0
SPORTS,1,4.2,134,1000,37.99
SPORTS,1,4.6,1026,10000,3.99
GAME,0,4.4,6198880,100000000,0.0
GAME,0,4.5,148990,10000000,0.0
GAME,0,3.9,20,10000,0.0
GAME,0,3.3,2717,100000,0.0
SPORTS,1,4.8,471036,10000000,0.0
GAME,0,4.3,8537,100000,0.0
GAME,0,4.3,391325,10000000,0.0
GAME,0,4.3,10306,1000000,0.0
SPORTS,1,4.5,5509,100000,0.0
GAME,0,4.5,1418,10000,0.0
GAME,0,4.4,3039889,10000000,0.0
GAME,0,4.3,10493,1000000,0.0
SPORTS,1,3.7,1812,100000,0.0
SPORTS,1,4.5,60096,5000000,0.0
SPORTS,1,4.0,9971,1000000,0.0
SPORTS,1,4.6,117176,5000000,0.0
SPORTS,1,4.6,315,1000,2.99
GAME,0,4.1,29062,1000000,0.0
SPORTS,1,4.6,9,1000,0.0
SPORTS,1,4.8,10,10,0.0
SPORTS,1,4.3,16943,1000000,0.0
GAME,0,4.6,9394,100000,4.99
GAME,0,4.3,18985,5000000,0.0
GAME,0,4.3,118253,10000000,0.0
GAME,0,4.3,224514,5000000,0.0
GAME,0,4.1,55380,5000000,0.0
GAME,0,4.0,454,10000,0.0
GAME,0,4.2,210317,10000000,0.0
SPORTS,1,4.3,91033,5000000,0.0
GAME,0,4.5,23599,100000,0.0
GAME,0,4.2,17039,5000000,0.0
GAME,0,4.2,17453,1000000,0.0
SPORTS,1,4.3,246201,10000000,0.0
GAME,0,4.7,1125017,10000000,0.0
GAME,0,4.0,59223,5000000,0.0
SPORTS,1,4.8,793,10000,0.0
SPORTS,1,4.2,342909,10000000,0.0
SPORTS,1,4.2,3788,1000000,0.0
GAME,0,4.3,2233,1000000,0.0
SPORTS,1,4.4,3114,100000,0.0
SPORTS,1,5.0,141,1000,0.0
SPORTS,1,4.6,4011,500000,0.0
SPORTS,1,3.9,47688,5000000,0.0
SPORTS,1,2.8,48,5000,0.0
GAME,0,4.6,101686,10000000,0.0
GAME,0,4.0,37789,1000000,0.0
SPORTS,1,4.8,787,1000,1.99
SPORTS,1,4.8,48276,1000000,0.0
GAME,0,4.3,2151039,50000000,0.0
SPORTS,1,4.5,50679,1000000,0.0
GAME,0,4.4,4921409,100000000,0.0
GAME,0,3.8,47386,1000000,0.0
GAME,0,4.4,22430188,500000000,0.0
GAME,0,4.2,28151,1000000,0.0
SPORTS,1,4.3,83545,5000000,0.0
SPORTS,1,4.4,122283,5000000,0.0
SPORTS,1,4.3,91031,5000000,0.0
SPORTS,1,3.9,5510,1000000,0.0
SPORTS,1,4.8,428156,10000000,0.0
GAME,0,4.0,82,5000,0.0
SPORTS,1,4.2,31,1000,0.0
GAME,0,4.4,22429716,500000000,0.0
GAME,0,4.6,26138,1000000,0.0
GAME,0,4.2,344585,50000000,0.0
GAME,0,4.5,1135631,50000000,0.0
GAME,0,4.1,4946,100000,0.0
GAME,0,4.3,3,10,0.0
SPORTS,1,4.2,18678,1000000,0.0
GAME,0,4.0,119368,10000000,0.0
GAME,0,4.6,125647,10000000,0.0
SPORTS,1,4.8,1660,10000,0.0
SPORTS,1,4.2,521140,10000000,0.0
SPORTS,1,3.8,1140,100000,0.0
GAME,0,3.8,898,100000,0.0
SPORTS,1,4.4,122283,5000000,0.0
GAME,0,4.3,8118937,500000000,0.0
GAME,0,4.2,1343866,10000000,0.0
GAME,0,4.4,74695,10000000,0.0
SPORTS,1,4.6,152867,10000000,0.0
SPORTS,1,5.0,103,5000,0.0
SPORTS,1,4.3,2486,500000,0.0
SPORTS,1,4.2,1904,100000,0.0
SPORTS,1,5.0,1,10,0.0
GAME,0,4.5,10216538,100000000,0.0
GAME,0,4.2,26893,1000000,0.0
SPORTS,1,4.9,206,1000,0.0
SPORTS,1,4.1,820577,10000000,0.0
SPORTS,1,3.8,4,500,0.0
GAME,0,4.6,19922,100000,1.99
GAME,0,4.3,314774,5000000,0.0
SPORTS,1,4.2,100406,10000000,0.0
GAME,0,4.6,11235,100000,2.99
SPORTS,1,4.3,8576,1000000,0.0
GAME,0,4.6,3093358,10000000,0.0
SPORTS,1,4.0,4160,500000,0.0
GAME,0,2.8,48,10000,0.0
GAME,0,4.5,148897,10000000,0.0
GAME,0,3.3,19,100,4.49
SPORTS,1,4.4,57634,1000000,0.0
GAME,0,4.4,475369,50000000,0.0
SPORTS,1,3.8,6554,500000,0.0
GAME,0,4.1,88941,1000000,0.0
GAME,0,3.9,145,10000,0.0
GAME,0,4.3,125,5000,0.0
GAME,0,4.6,132282,1000000,0.0
GAME,0,4.4,144545,5000000,0.0
GAME,0,4.7,21262,1000000,0.0
GAME,0,4.8,528550,10000000,0.0
GAME,0,4.5,592068,50000000,0.0
SPORTS,1,3.6,126,5000,2.49
SPORTS,1,4.7,11689,500000,0.0
SPORTS,1,3.6,346,50000,0.0
SPORTS,1,2.0,136,10000,0.0
SPORTS,1,3.8,35746,5000000,0.0
GAME,0,4.0,32522,1000000,0.0
GAME,0,4.3,234589,50000000,0.0
GAME,0,4.5,937,10000,0.0
GAME,0,4.1,9898,1000000,0.0
GAME,0,4.4,153381,10000000,0.0
SPORTS,1,3.5,6747,1000000,0.0
GAME,0,4.6,1591129,50000000,0.0
SPORTS,1,4.4,70769,5000000,0.0
SPORTS,1,4.5,559186,10000000,0.0
SPORTS,1,4.2,100406,10000000,0.0
SPORTS,1,4.2,9,100,0.0
GAME,0,4.6,2157930,10000000,0.0
SPORTS,1,4.6,39724,1000000,0.0
GAME,0,4.3,20691,1000000,0.0
SPORTS,1,4.4,70769,5000000,0.0
SPORTS,1,4.6,10,500,0.0
SPORTS,1,4.1,6826,1000000,0.0
GAME,0,4.5,547644,50000000,0.0
GAME,0,4.4,8219586,100000000,0.0
GAME,0,4.6,20,100,0.0
GAME,0,4.7,48615,10000000,0.0
SPORTS,1,4.1,75,10000,0.0
GAME,0,4.3,1004709,50000000,0.0
GAME,0,4.5,415,10000,0.0
GAME,0,3.8,4552,100000,0.0
SPORTS,1,4.4,15221,1000000,0.0
GAME,0,4.5,501,10000,0.0
GAME,0,4.4,4067651,100000000,0.0
SPORTS,1,3.9,232153,10000000,0.0
GAME,0,4.5,776730,10000000,0.0
GAME,0,3.7,31883,1000000,0.0
GAME,0,4.2,131,1000,1.61
GAME,0,3.9,71,10000,0.0
GAME,0,4.6,807338,10000000,0.0
SPORTS,1,4.8,4,500,0.0
SPORTS,1,3.4,2105,100000,0.0
GAME,0,4.3,1000417,50000000,0.0
GAME,0,4.6,506593,10000000,0.0
SPORTS,1,4.3,258717,10000000,0.0
GAME,0,4.5,76627,5000000,0.0
GAME,0,4.3,1000417,50000000,0.0
GAME,0,4.3,23005,5000000,0.0
GAME,0,4.5,4449882,100000000,0.0
SPORTS,1,4.4,101957,5000000,0.0
SPORTS,1,4.7,57,10000,0.0
GAME,0,4.2,829753,50000000,0.0
GAME,0,3.6,33,5000,0.0
GAME,0,4.3,10538,1000000,0.0
SPORTS,1,4.1,142,100000,0.0
GAME,0,4.7,295241,10000000,0.0
SPORTS,1,4.6,205299,5000000,0.0
GAME,0,4.7,1559650,50000000,0.0
GAME,0,4.5,32831,500000,0.0
GAME,0,4.2,307398,10000000,0.0
GAME,0,3.7,11,5000,0.0
GAME,0,3.9,85317,5000000,0.0
SPORTS,1,4.4,10,500,0.0
SPORTS,1,4.4,15753,100000,3.49
SPORTS,1,4.3,7895,500000,0.0
GAME,0,4.1,355,10000,0.0
GAME,0,4.4,201537,5000000,0.0
SPORTS,1,3.4,4082,500000,0.0
SPORTS,1,4.6,8004,100000,0.0
SPORTS,1,4.1,288809,10000000,0.0
GAME,0,4.4,42145,10000000,0.0
GAME,0,4.5,4230886,100000000,0.0
SPORTS,1,4.1,1213,100000,0.0
SPORTS,1,4.7,707,5000,0.0
GAME,0,4.7,295305,10000000,0.0
SPORTS,1,4.4,229214,10000000,0.0
SPORTS,1,4.6,5305,100000,0.0
GAME,0,4.4,1849,10000,0.0
GAME,0,4.5,401648,10000000,0.0
SPORTS,1,4.5,27396,1000000,0.0
SPORTS,1,3.9,6289,1000000,0.0
SPORTS,1,4.6,20326,1000000,0.0
SPORTS,1,4.3,111809,10000000,0.0
SPORTS,1,3.2,4,100,0.0
GAME,0,4.5,655145,10000000,0.0
GAME,0,4.0,1417,100000,0.0
SPORTS,1,4.6,666246,10000000,0.0
SPORTS,1,4.0,121003,10000000,0.0
GAME,0,4.3,1295606,100000000,0.0
GAME,0,4.0,1744,100000,0.0
SPORTS,1,4.2,2506,50000,3.99
GAME,0,4.5,5476569,100000000,0.0
SPORTS,1,4.5,183669,5000000,0.0
SPORTS,1,3.9,18961,5000000,0.0
GAME,0,4.3,245455,10000000,0.0
GAME,0,4.3,1017408,10000000,0.0
GAME,0,4.6,15403,1000000,0.0
GAME,0,3.9,783,100000,0.0
GAME,0,4.2,2055,100000,0.0
GAME,0,4.5,6074334,100000000,0.0
SPORTS,1,4.1,62616,5000000,0.0
SPORTS,1,4.4,783025,10000000,0.0
GAME,0,4.0,254518,10000000,0.0
SPORTS,1,4.5,40296,1000000,0.0
SPORTS,1,4.8,28588,1000000,0.0
SPORTS,1,1.5,2,5,0.0
SPORTS,1,4.7,117925,10000000,0.0
GAME,0,4.6,169,1000,0.99
SPORTS,1,4.4,122283,5000000,0.0
SPORTS,1,3.3,14210,1000000,0.0
GAME,0,2.3,278,10000,0.0
GAME,0,4.5,446434,10000000,0.0
SPORTS,1,4.4,69395,10000000,0.0
SPORTS,1,4.5,152780,10000000,0.0
SPORTS,1,4.4,382,10000,0.0
GAME,0,4.4,8921451,100000000,0.0
SPORTS,1,4.2,112384,5000000,0.0
SPORTS,1,4.9,272337,10000000,0.0
SPORTS,1,4.8,160,10000,0.0
SPORTS,1,4.3,45,10000,0.0
GAME,0,5.0,1,10,0.0
SPORTS,1,3.3,25,1000,0.0
GAME,0,4.0,263907,10000000,0.0
SPORTS,1,4.2,521138,10000000,0.0
GAME,0,4.6,7671249,100000000,0.0
GAME,0,4.2,358,10000,0.0
GAME,0,4.4,165656,5000000,0.0
SPORTS,1,4.5,10253,500000,0.0
GAME,0,3.8,13388,500000,0.0
SPORTS,1,5.0,10,1000,0.0
SPORTS,1,4.0,265,100000,0.0
GAME,0,4.4,7614415,100000000,0.0
SPORTS,1,2.8,961,100000,0.0
SPORTS,1,3.5,4057,500000,0.0
GAME,0,4.0,26649,5000000,0.0
SPORTS,1,4.8,69279,10000000,0.0
SPORTS,1,2.3,853,50000,0.0
GAME,0,4.5,7687,100000,1.99
GAME,0,4.4,2610526,100000000,0.0
SPORTS,1,3.9,11460,100000,8.99
GAME,0,4.6,144,1000,6.99
SPORTS,1,4.9,8418,500000,0.0
GAME,0,4.1,66894,1000000,0.0
SPORTS,1,3.7,33264,10000000,0.0
SPORTS,1,3.2,3031,1000000,0.0
GAME,0,4.2,2183,500000,0.0
SPORTS,1,4.4,108318,10000000,0.0
SPORTS,1,4.4,63779,1000000,0.0
SPORTS,1,4.0,32,5000,0.0
GAME,0,4.6,9882639,100000000,0.0
GAME,0,3.8,489,10000,0.0
SPORTS,1,4.1,28301,1000000,0.0
GAME,0,4.6,2698882,100000000,0.0
GAME,0,4.6,32506,1000000,0.0
GAME,0,4.1,347883,10000000,0.0
SPORTS,1,4.1,131,5000,0.0
GAME,0,3.5,4416,500000,0.0
SPORTS,1,4.4,2599,100000,0.0
GAME,0,4.4,276105,10000000,0.0
GAME,0,4.5,4830407,50000000,0.0
GAME,0,4.2,601,100000,0.0
SPORTS,1,4.3,127,10000,0.0
GAME,0,4.5,17263,500000,0.0
SPORTS,1,4.4,133833,10000000,0.0
SPORTS,1,4.7,11689,500000,0.0
GAME,0,4.4,1063,50000,0.0
SPORTS,1,2.9,141,10000,0.0
GAME,0,4.0,42182,1000000,0.0
SPORTS,1,4.6,9612,100000,0.0
GAME,0,4.7,141529,5000000,0.0
GAME,0,4.2,63056,1000000,0.0
GAME,0,4.6,2157930,10000000,0.0
SPORTS,1,4.3,91033,5000000,0.0
SPORTS,1,4.5,9464,500000,0.0
GAME,0,4.5,185382,10000000,0.0
SPORTS,1,4.3,707,100000,0.0
SPORTS,1,4.3,1533,100000,0.0
SPORTS,1,4.8,1697,100000,0.0
GAME,0,4.3,21107,100000,0.0
SPORTS,1,4.2,1008012,50000000,0.0
SPORTS,1,4.6,5420,500000,0.0
GAME,0,4.1,21223,1000000,0.0
GAME,0,4.6,520962,10000000,0.0
SPORTS,1,4.6,95201,5000000,0.0
SPORTS,1,4.6,4642,100000,0.0
SPORTS,1,4.6,162933,5000000,0.0
SPORTS,1,4.5,827653,10000000,0.0
GAME,0,4.2,147791,5000000,0.0
SPORTS,1,4.2,120,10000,0.0
GAME,0,3.8,141,10000,0.0
GAME,0,4.4,1397944,10000000,0.0
GAME,0,4.7,1115,100000,0.0
SPORTS,1,2.3,74,10000,0.0
GAME,0,4.4,30,5000,0.0
GAME,0,3.5,901,50000,0.0
GAME,0,4.5,13118,500000,0.0
GAME,0,3.1,1015,100000,0.0
SPORTS,1,3.7,4212,1000000,0.0
GAME,0,4.0,127810,10000000,0.0
SPORTS,1,4.0,11151,1000000,0.0
SPORTS,1,4.4,20812,1000000,0.0
GAME,0,3.8,16282,1000000,0.0
GAME,0,4.5,461137,10000000,0.0
GAME,0,4.3,1776,50000,0.0
GAME,0,4.1,97209,1000000,0.0
GAME,0,4.3,11,500,0.0
GAME,0,3.2,655,50000,0.0
SPORTS,1,4.1,34123,5000000,0.0
GAME,0,4.3,275843,10000000,0.0
GAME,0,4.5,531458,5000000,0.0
GAME,0,4.6,293086,5000000,0.0
SPORTS,1,4.2,4330,100000,0.0
SPORTS,1,4.2,82883,5000000,0.0
GAME,0,3.9,8122,500000,0.0
SPORTS,1,4.5,16257,500000,0.0
SPORTS,1,4.4,133825,10000000,0.0
SPORTS,1,4.5,207,10000,0.0
SPORTS,1,4.6,161423,5000000,0.0
SPORTS,1,4.3,179139,5000000,0.0
GAME,0,4.5,299046,10000000,0.0
GAME,0,4.5,183846,10000000,0.0
SPORTS,1,4.2,521138,10000000,0.0
GAME,0,4.5,216849,10000000,0.0
GAME,0,4.1,496,100000,0.0
SPORTS,1,3.0,4710,100000,0.0
GAME,0,4.4,4918776,100000000,0.0
GAME,0,4.4,70747,5000000,0.0
GAME,0,4.5,240416,5000000,0.0
SPORTS,1,4.6,48286,1000000,0.0
SPORTS,1,4.2,1324,100000,0.0
GAME,0,4.2,187972,5000000,0.0
SPORTS,1,4.2,342912,10000000,0.0
GAME,0,4.0,17876,1000000,0.0
SPORTS,1,4.2,521140,10000000,0.0
SPORTS,1,4.6,71269,1000000,0.0
GAME,0,4.4,5234162,100000000,0.0
GAME,0,4.1,650114,10000000,0.0
SPORTS,1,2.3,3,1000,0.0
GAME,0,4.2,74902,5000000,0.0
GAME,0,4.4,93033,5000000,0.0
GAME,0,3.8,66,10000,0.0
GAME,0,3.6,16521,1000000,0.0
SPORTS,1,4.1,2681,500000,0.0
SPORTS,1,4.1,88,5000,0.0
GAME,0,4.4,22430188,500000000,0.0
GAME,0,4.2,794058,10000000,0.0
SPORTS,1,2.8,81,10000,0.0
GAME,0,4.0,162530,10000000,0.0
GAME,0,4.6,18,100,4.99
GAME,0,4.5,168717,10000000,0.0
SPORTS,1,4.7,25172,500000,0.0
GAME,0,4.3,2045554,50000000,0.0
SPORTS,1,4.5,50017,1000000,0.0
GAME,0,4.3,6698,500000,0.0
SPORTS,1,4.5,107724,5000000,0.0
SPORTS,1,4.4,229210,10000000,0.0
SPORTS,1,4.2,521140,10000000,0.0
SPORTS,1,4.4,6106,100000,0.0
SPORTS,1,4.8,39068,500000,0.0
SPORTS,1,4.0,209,50000,0.0
GAME,0,4.3,137696,5000000,0.0
GAME,0,4.6,3093932,10000000,0.0
SPORTS,1,4.2,1608,100000,0.0
GAME,0,4.1,94661,1000000,0.0
GAME,0,4.0,3322,100000,0.0
SPORTS,1,4.4,328,10000,0.0
SPORTS,1,4.2,220,50000,0.0
GAME,0,4.1,8608,500000,0.0
SPORTS,1,4.5,53,1000,0.0
SPORTS,1,4.1,6231,100000,0.0
SPORTS,1,4.6,688,10000,0.0
SPORTS,1,4.7,2225,100000,0.0
SPORTS,1,4.4,19621,500000,0.0
GAME,0,4.6,2698348,100000000,0.0
GAME,0,4.1,389,10000,0.0
GAME,0,3.8,2691,100000,0.0
GAME,0,4.2,16237,500000,0.0
SPORTS,1,3.4,144,10000,0.0
GAME,0,4.4,98123,10000000,0.0
GAME,0,4.4,13714,1000000,0.0
GAME,0,4.3,205830,10000000,0.0
GAME,0,3.9,145931,10000000,0.0
GAME,0,4.5,5387781,100000000,0.0
SPORTS,1,4.6,2901,50000,1.99
GAME,0,4.7,171448,10000000,0.0
SPORTS,1,5.0,3,50,0.0
SPORTS,1,2.9,2160,100000,0.0
SPORTS,1,4.5,27396,1000000,0.0
GAME,0,4.5,4447388,100000000,0.0
GAME,0,3.8,8,1000,0.0
GAME,0,4.1,22896,1000000,0.0
SPORTS,1,3.7,41941,10000000,0.0
GAME,0,4.7,1351771,10000000,0.0
SPORTS,1,4.5,644,100000,0.0
SPORTS,1,4.1,12452,500000,0.0
GAME,0,4.3,85468,1000000,0.99
GAME,0,4.5,10055521,100000000,0.0
GAME,0,4.7,1889250,50000000,0.0
GAME,0,3.9,178723,10000000,0.0
SPORTS,1,4.2,42767,1000000,0.0
SPORTS,1,4.2,521138,10000000,0.0
SPORTS,1,4.2,270294,5000000,0.0
SPORTS,1,4.1,5025,500000,0.0
GAME,0,3.6,2328,100000,0.0
GAME,0,4.5,1242855,50000000,0.0
SPORTS,1,4.1,79464,1000000,0.0
GAME,0,4.5,5465624,100000000,0.0
SPORTS,1,2.9,4031,500000,0.0
GAME,0,4.5,10460,1000000,0.0
SPORTS,1,4.5,16426,500000,0.0
GAME,0,4.7,990491,10000000,0.0
SPORTS,1,4.0,3937,100000,0.0
SPORTS,1,4.1,3405,100000,0.0
GAME,0,4.4,562345,10000000,0.0
GAME,0,4.3,192374,10000000,0.0
SPORTS,1,3.7,1861,1000000,0.0
GAME,0,4.3,121612,1000000,0.0
SPORTS,1,4.3,31908,1000000,0.0
SPORTS,1,4.8,6,100,0.0
GAME,0,4.6,408292,10000000,0.99
GAME,0,4.6,5419676,100000000,0.0
SPORTS,1,3.5,172373,10000000,0.0
SPORTS,1,2.9,1786,100000,0.0
GAME,0,4.2,107497,1000000,0.0
SPORTS,1,5.0,4,100,0.0
SPORTS,1,4.4,44939,10000000,0.0
GAME,0,4.4,1107310,10000000,0.0
GAME,0,4.3,37513,5000000,0.0
GAME,0,4.2,62636,1000000,0.0
SPORTS,1,4.6,1873523,50000000,0.0
GAME,0,4.3,1655,100000,0.0
GAME,0,4.5,946926,50000000,0.0
SPORTS,1,4.6,2880,100000,0.0
SPORTS,1,4.2,53,5000,0.0
GAME,0,4.4,5566669,100000000,0.0
GAME,0,3.5,46801,1000000,0.0
SPORTS,1,4.0,176450,5000000,0.0
GAME,0,3.5,1976,100000,0.0
GAME,0,4.1,234606,10000000,0.0
SPORTS,1,2.4,551,100000,0.0
SPORTS,1,4.4,6106,100000,0.0
SPORTS,1,3.7,492,100000,0.0
GAME,0,4.2,3846378,50000000,0.0
GAME,0,4.5,20,1000,0.99
GAME,0,4.7,21,100,0.0
GAME,0,4.3,1300619,50000000,0.0
GAME,0,4.0,21,5000,0.99
GAME,0,3.8,555,100000,0.0
GAME,0,4.5,27723193,1000000000,0.0
GAME,0,4.7,990723,10000000,0.0
GAME,0,4.6,811040,10000000,0.0
SPORTS,1,4.3,183004,10000000,0.0
GAME,0,4.7,1732263,50000000,0.0
SPORTS,1,4.9,66791,1000000,0.0
SPORTS,1,3.1,10006,1000000,0.0
SPORTS,1,4.7,911995,10000000,0.0
SPORTS,1,3.5,28,1000,0.0
SPORTS,1,4.9,272172,10000000,0.0
SPORTS,1,4.5,183669,5000000,0.0
SPORTS,1,4.6,116079,5000000,0.0
SPORTS,1,4.7,15674,1000000,0.0
GAME,0,4.4,2440877,10000000,0.0
GAME,0,4.2,41089,5000000,0.0
SPORTS,1,4.7,2071,100000,0.0
SPORTS,1,5.0,15,100,0.0
GAME,0,4.6,14989,500000,0.0
GAME,0,4.5,14,100,0.0
GAME,0,4.4,596,100000,0.0
GAME,0,4.4,1986068,50000000,0.0
SPORTS,1,3.8,1797,100000,0.0
SPORTS,1,4.5,13,1000,0.0
GAME,0,4.2,5829,100000,0.0
GAME,0,2.4,45,10000,0.0
SPORTS,1,3.5,7578,1000000,0.0
SPORTS,1,4.6,299,100000,0.0
GAME,0,4.1,64,5000,0.0
GAME,0,4.1,7279,1000000,0.0
GAME,0,4.5,5534114,100000000,0.0
SPORTS,1,2.7,17,1000,0.0
SPORTS,1,3.8,28140,1000000,0.0
GAME,0,4.5,27722264,1000000000,0.0
GAME,0,3.1,25825,5000000,0.0
GAME,0,4.2,1343106,10000000,0.0
GAME,0,4.4,4637439,100000000,0.0
GAME,0,4.5,514,5000,6.99
GAME,0,4.3,38957,1000000,0.0
GAME,0,3.9,7972,500000,0.0
SPORTS,1,3.9,5511,1000000,0.0
SPORTS,1,2.6,186,10000,0.0
GAME,0,4.5,5849,500000,0.0
SPORTS,1,4.3,26652,1000000,0.0
SPORTS,1,4.1,4374,100000,0.0
SPORTS,1,4.0,176448,5000000,0.0
GAME,0,4.3,350,50000,0.0
SPORTS,1,4.7,40,1000,0.0
GAME,0,4.5,1125438,10000000,0.0
SPORTS,1,4.0,30840,1000000,0.0
SPORTS,1,4.5,82145,50000000,0.0
GAME,0,4.4,3344,500000,0.0
SPORTS,1,3.3,20098,10000000,0.0
SPORTS,1,4.0,47,1000,0.0
SPORTS,1,4.9,18,1000,0.0
GAME,0,4.5,21892,1000000,0.0
SPORTS,1,4.3,16016,1000000,0.0
GAME,0,4.2,70226,5000000,0.0
SPORTS,1,4.1,124,5000,3.99
GAME,0,4.4,1094,500000,0.0
GAME,0,4.5,14253,1000000,0.0
SPORTS,1,4.6,17,1000,0.0
SPORTS,1,1.7,686,10000,0.0
GAME,0,4.4,104303,10000000,0.0
GAME,0,4.6,10981850,100000000,0.0
GAME,0,4.8,230727,10000000,0.0
GAME,0,4.6,541144,10000000,0.0
SPORTS,1,4.5,177,10000,0.0
GAME,0,3.7,413609,10000000,0.0
GAME,0,4.3,531074,10000000,0.0
GAME,0,3.9,1995,500000,0.0
GAME,0,4.2,960,50000,0.0
GAME,0,3.6,5291,100000,0.0
GAME,0,4.3,2178,500000,0.0
SPORTS,1,4.5,3346,100000,0.0
GAME,0,4.2,20364,5000000,0.0
GAME,0,4.5,2917,100000,0.0
SPORTS,1,4.5,7976,500000,0.0
SPORTS,1,3.6,275,10000,400.0
SPORTS,1,4.6,34802,1000000,0.0
GAME,0,4.4,5566889,100000000,0.0
GAME,0,3.8,83671,10000000,0.0
GAME,0,4.6,2464,50000,0.0
SPORTS,1,4.4,5038,500000,0.0
GAME,0,4.5,592504,50000000,0.0
SPORTS,1,5.0,6,100,0.0
GAME,0,3.9,85410,10000000,0.0
GAME,0,4.7,62561,1000000,0.0
GAME,0,4.3,4704,100000,0.0
SPORTS,1,4.0,6676,1000000,0.0
SPORTS,1,4.0,2490,500000,0.0
GAME,0,4.4,14,1000,0.0
SPORTS,1,4.4,552,5000,1.0
SPORTS,1,3.0,94,10000,0.0
GAME,0,3.7,42529,500000,1.99
SPORTS,1,4.6,101455,5000000,0.0
GAME,0,4.2,46416,10000000,0.0
SPORTS,1,4.1,18539,1000000,0.0
SPORTS,1,4.9,28945,500000,0.0
GAME,0,4.1,14283,1000000,0.0
SPORTS,1,4.6,152653,10000000,0.0
SPORTS,1,4.6,37224,1000000,0.0
GAME,0,3.9,142693,5000000,0.0
GAME,0,4.3,29330,1000000,0.0
SPORTS,1,3.8,6,500,0.0
SPORTS,1,4.4,38,10000,0.0
SPORTS,1,5.0,1,10,3.04
GAME,0,4.4,17,500,4.49
GAME,0,4.4,4920817,100000000,0.0
GAME,0,4.3,6,1000,0.0
SPORTS,1,4.4,232423,5000000,0.0
SPORTS,1,4.4,14402,1000000,0.0
SPORTS,1,4.0,28895,5000000,0.0
GAME,0,4.4,2351,100000,0.0
GAME,0,4.6,963,50000,0.0
SPORTS,1,4.5,838765,50000000,0.0
SPORTS,1,3.9,255,100000,0.0
SPORTS,1,4.4,726074,10000000,0.0
GAME,0,4.5,27724094,1000000000,0.0
GAME,0,4.6,7674252,100000000,0.0
SPORTS,1,4.9,10,500,0.0
GAME,0,4.4,7614407,100000000,0.0
GAME,0,4.6,358633,10000000,0.0
SPORTS,1,2.8,17,5000,0.0
GAME,0,4.6,59907,5000000,0.0
GAME,0,4.0,30008,1000000,0.0
SPORTS,1,4.5,10097,500000,0.0
SPORTS,1,5.0,3,100,0.0
GAME,0,3.8,159063,1000000,0.0
SPORTS,1,4.9,26,1000,0.0
SPORTS,1,4.3,1802,100000,0.0
SPORTS,1,4.8,220125,10000000,0.0
GAME,0,5.0,7,100,0.0
GAME,0,4.2,214923,5000000,0.0
GAME,0,4.4,6198563,100000000,0.0
SPORTS,1,4.2,82882,5000000,0.0
GAME,0,3.6,151,10000,0.0
GAME,0,4.4,45871,5000000,0.0
GAME,0,4.5,6026,100000,0.0
GAME,0,4.3,798522,100000000,0.0
SPORTS,1,5.0,5,100,0.0
GAME,0,4.4,4066989,100000000,0.0
GAME,0,4.4,1381624,10000000,0.0
SPORTS,1,4.4,28,1000,0.0
SPORTS,1,4.6,10445,500000,0.0
GAME,0,4.3,13604,1000000,0.99
SPORTS,1,4.7,55571,1000000,0.0
SPORTS,1,4.6,50338,1000000,0.0
GAME,0,4.2,211,10000,0.0
GAME,0,4.6,260651,10000000,0.0
SPORTS,1,2.8,88,10000,0.0
GAME,0,4.5,696,100000,0.0
SPORTS,1,4.4,21733,1000000,0.0
GAME,0,3.4,9051,1000000,0.0
GAME,0,4.5,27725352,1000000000,0.0
SPORTS,1,4.0,2789775,100000000,0.0
GAME,0,4.3,8119154,500000000,0.0
GAME,0,4.1,364,50000,0.0
GAME,0,4.1,41,5000,0.0
GAME,0,4.2,152,10000,0.0
SPORTS,1,3.0,4260,5000000,0.0
GAME,0,4.7,705,10000,0.0
GAME,0,4.1,52163,1000000,0.0
GAME,0,4.2,4569,100000,0.99
GAME,0,4.0,721,50000,0.0
SPORTS,1,4.8,12705,1000000,0.0
SPORTS,1,4.5,231,5000,0.99
GAME,0,4.1,13,500,0.0
GAME,0,4.2,326042,10000000,0.0
SPORTS,1,4.6,60,1000,1.99
GAME,0,4.5,4229977,100000000,0.0
GAME,0,4.2,1185148,100000000,0.0
SPORTS,1,4.7,2317,50000,0.0
GAME,0,4.0,2700,500000,0.0
GAME,0,4.4,3941129,50000000,0.0
GAME,0,4.5,4487182,50000000,0.0
SPORTS,1,4.4,4600,500000,0.0
GAME,0,4.5,30515,1000000,0.0
SPORTS,1,4.4,670,10000,0.0
SPORTS,1,4.1,288809,10000000,0.0
GAME,0,4.5,14891223,500000000,0.0
GAME,0,3.3,152102,10000000,0.0
SPORTS,1,4.0,294,10000,0.0
GAME,0,4.4,889425,10000000,0.0
SPORTS,1,4.4,697,100000,0.0
SPORTS,1,4.7,416,10000,6.99
SPORTS,1,3.7,2980,100000,0.0
GAME,0,4.4,5231553,100000000,0.0
GAME,0,4.6,338742,5000000,0.0
GAME,0,4.4,7614271,100000000,0.0
SPORTS,1,3.6,28,500,2.99
SPORTS,1,4.3,91031,5000000,0.0
SPORTS,1,5.0,19,500,0.0
GAME,0,4.7,59017,1000000,0.0
GAME,0,4.7,8118880,100000000,0.0
GAME,0,4.2,40847,1000000,0.0
SPORTS,1,3.1,78442,5000000,0.0
GAME,0,4.3,8668,500000,0.0
GAME,0,4.3,18277,1000000,0.0
SPORTS,1,4.4,5,1000,0.0
SPORTS,1,4.0,12906,1000000,0.0
SPORTS,1,4.3,95905,10000000,0.0
GAME,0,4.3,144040,5000000,0.0
SPORTS,1,4.6,205299,5000000,0.0
GAME,0,4.4,5234825,100000000,0.0
GAME,0,4.0,209,10000,0.0
SPORTS,1,4.1,27501,1000000,0.0
GAME,0,4.2,492,100000,0.0
GAME,0,5.0,8,10,0.99
SPORTS,1,4.2,80900,1000000,0.0
SPORTS,1,4.6,10484,1000000,0.0
SPORTS,1,4.1,47497,10000000,0.0
GAME,0,5.0,11,10,0.0
GAME,0,3.5,23,1000,0.99
SPORTS,1,4.2,36183,5000000,0.0
GAME,0,4.3,25094,1000000,0.0
GAME,0,4.3,6143,100000,0.0
GAME,0,4.5,184210,10000000,0.0
SPORTS,1,3.8,85763,1000000,0.0
SPORTS,1,4.3,480208,500000000,0.0
SPORTS,1,2.8,405,50000,0.0
SPORTS,1,4.0,3061,100000,0.0
GAME,0,4.5,1137271,50000000,0.0
GAME,0,4.4,3716278,50000000,0.0
GAME,0,4.1,1019,100000,0.0
GAME,0,4.4,9305,1000000,0.0
SPORTS,1,4.4,129409,1000000,1.99
GAME,0,4.3,8118937,500000000,0.0
SPORTS,1,4.7,25,10000,0.0
GAME,0,4.3,180,5000,0.0
GAME,0,4.5,10256,1000000,0.0
SPORTS,1,4.5,68072,5000000,0.0
SPORTS,1,4.0,576,50000,0.0
SPORTS,1,4.6,548021,10000000,0.0
GAME,0,4.4,862,100000,0.0
SPORTS,1,5.0,2,100,0.0
SPORTS,1,5.0,2,50,0.0
GAME,0,4.0,166033,10000000,0.0
GAME,0,4.6,260527,10000000,0.0
SPORTS,1,4.4,129,50000,0.0
GAME,0,3.8,596,100000,0.0
SPORTS,1,3.8,2300,10000000,0.0
SPORTS,1,3.8,17368,10000000,0.0
SPORTS,1,4.6,169,10000,0.0
GAME,0,4.5,16815,1000000,0.0
SPORTS,1,4.6,115721,10000000,0.0
SPORTS,1,4.3,34327,5000000,0.0
GAME,0,4.3,955656,10000000,0.0
GAME,0,4.4,206602,5000000,0.0
GAME,0,4.3,29270,5000000,0.0
GAME,0,4.2,88901,10000000,0.0
GAME,0,4.4,1351833,10000000,0.0
GAME,0,3.8,35171,1000000,0.0
SPORTS,1,4.0,45224,5000000,0.0
GAME,0,4.7,541732,5000000,0.0
GAME,0,4.0,484981,10000000,0.0
GAME,0,4.5,43645,5000000,0.0
GAME,0,4.3,112565,1000000,0.0
GAME,0,3.7,8014,100000,2.99
GAME,0,4.7,358817,10000000,0.0
GAME,0,4.5,375996,10000000,0.0
GAME,0,4.5,1243017,50000000,0.0
GAME,0,3.4,32,1000,0.99
SPORTS,1,4.6,57,5000,0.0
GAME,0,4.0,103199,10000000,0.0
GAME,0,4.3,331692,10000000,0.0
SPORTS,1,4.3,24082,1000000,0.0
SPORTS,1,4.7,77777,1000000,0.0
SPORTS,1,5.0,17,50,0.0
SPORTS,1,4.3,148083,10000000,0.0
SPORTS,1,4.4,13213,1000000,0.0
SPORTS,1,3.0,26,1000,0.0
SPORTS,1,3.4,377,100000,0.0
GAME,0,4.5,214819,5000000,0.0
GAME,0,3.8,196,5000,0.0
SPORTS,1,4.8,1664,100000,0.0
SPORTS,1,5.0,1,10,0.0
GAME,0,4.7,1534466,50000000,0.0
GAME,0,4.6,2158580,10000000,0.0
SPORTS,1,4.3,91035,5000000,0.0
SPORTS,1,2.6,64,10000,0.0
GAME,0,4.7,8038,100000,0.0
SPORTS,1,4.6,10,1000,0.0
GAME,0,4.5,21892,1000000,0.0
GAME,0,4.5,464900,10000000,0.0
GAME,0,3.8,22191,1000000,0.0
GAME,0,4.5,592504,50000000,0.0
GAME,0,4.6,1327265,50000000,0.0
GAME,0,4.3,807226,10000000,0.0
SPORTS,1,4.3,206,1000,4.99
SPORTS,1,3.5,628,100000,0.0
SPORTS,1,5.0,5,100,0.0
GAME,0,3.4,1995,100000,0.0
SPORTS,1,4.5,8642,100000,0.0
GAME,0,4.4,460,50000,0.0
SPORTS,1,3.3,1391,100000,0.0
GAME,0,4.3,24628,1000000,0.0
GAME,0,4.4,125578,5000000,0.0
SPORTS,1,3.6,124,5000,0.0
GAME,0,4.2,652,10000,0.0
GAME,0,4.3,12,100,0.99
GAME,0,4.7,32,1000,0.0
GAME,0,4.4,54082,10000000,0.0
GAME,0,3.4,2218,500000,0.0
GAME,0,4.3,157264,10000000,0.0
GAME,0,5.0,8,50,0.0
GAME,0,4.3,43055,5000000,0.0
GAME,0,4.5,567984,10000000,0.0
GAME,0,4.5,401425,10000000,0.0
GAME,0,3.8,3543,1000000,0.0
GAME,0,4.5,18125,100000,4.99
GAME,0,4.5,52,5000,0.0
SPORTS,1,4.4,283662,10000000,0.0
GAME,0,4.6,1432809,10000000,0.0
GAME,0,4.4,69,50000,0.0
GAME,0,4.5,43576,5000000,0.0
GAME,0,4.8,21,1000,0.0
GAME,0,4.5,4448791,100000000,0.0
GAME,0,4.5,26744,500000,0.0
GAME,0,4.2,249308,10000000,0.0
SPORTS,1,3.3,3,1000,0.0
GAME,0,4.4,1628,50000,0.0
SPORTS,1,4.0,448,50000,0.0
GAME,0,4.3,128367,1000000,0.0
SPORTS,1,4.2,521081,10000000,0.0
GAME,0,4.2,115176,10000000,0.0
SPORTS,1,3.5,50179,1000000,0.0
SPORTS,1,4.2,82857,5000000,0.0
GAME,0,4.2,9183,1000000,0.0
SPORTS,1,4.2,75566,5000000,0.0
SPORTS,1,4.1,2954,100000,0.0
SPORTS,1,4.9,1211,10000,0.0
GAME,0,3.9,2454,500000,0.0
GAME,0,4.3,1003269,50000000,0.0
SPORTS,1,4.6,318134,5000000,0.0
GAME,0,4.0,1287,50000,0.0
GAME,0,4.4,8923847,100000000,0.0
GAME,0,4.4,12683,1000000,0.0
GAME,0,4.7,4041,10000,0.0
SPORTS,1,4.0,4015,1000000,0.0
SPORTS,1,4.6,92522,5000000,0.0
SPORTS,1,4.1,585564,10000000,0.0
SPORTS,1,4.3,979,50000,0.0
GAME,0,5.0,5,10,0.0
GAME,0,4.6,4108,10000,17.99
SPORTS,1,4.6,815280,10000000,0.0
SPORTS,1,4.5,183662,5000000,0.0
GAME,0,4.1,1703479,100000000,0.0
SPORTS,1,4.8,38,500,0.0
SPORTS,1,4.4,172,5000,2.99
GAME,0,4.3,52199,1000000,0.0
GAME,0,4.0,795,100000,0.0
SPORTS,1,3.9,987,10000,0.0
SPORTS,1,5.0,18,100,0.0
GAME,0,4.3,104389,5000000,0.0
GAME,0,4.4,15806,1000000,0.0
GAME,0,4.3,165928,5000000,0.0
SPORTS,1,4.5,234971,1000000,0.0
SPORTS,1,4.6,539,10000,0.0
GAME,0,4.6,29,1000,0.0
GAME,0,3.9,29505,1000000,0.0
GAME,0,4.1,140,50000,0.0
GAME,0,4.7,295576,10000000,0.0
GAME,0,3.9,24,1000,1.99
GAME,0,4.0,47151,5000000,0.0
GAME,0,4.4,1294,50000,0.0
GAME,0,4.5,10434,1000000,0.0
GAME,0,4.3,285814,10000000,0.0
GAME,0,4.6,547,10000,0.0
GAME,0,4.6,2719142,10000000,0.0
SPORTS,1,4.1,288809,10000000,0.0
SPORTS,1,4.3,1387,50000,0.0
GAME,0,5.0,5,100,0.0
SPORTS,1,4.4,95557,10000000,0.0
GAME,0,4.5,3432,1000000,0.0
GAME,0,4.0,387,50000,0.0
GAME,0,4.3,40,5000,0.0
GAME,0,4.4,6735,1000000,0.0
GAME,0,4.4,406511,5000000,0.0
GAME,0,4.3,32551,500000,0.0
GAME,0,4.5,407788,5000000,0.0
GAME,0,3.8,466,10000,0.99
SPORTS,1,4.6,1873523,50000000,0.0
SPORTS,1,4.3,665,500000,0.0
GAME,0,4.3,4000433,100000000,0.0
SPORTS,1,4.1,3309,500000,0.0
SPORTS,1,4.5,35394,500000,0.0
GAME,0,4.4,267395,5000000,0.0
SPORTS,1,4.5,152,10000,0.0
GAME,0,4.4,47644,5000000,0.0
GAME,0,4.4,4921451,100000000,0.0
GAME,0,4.0,27557,5000000,0.0
GAME,0,4.4,70351,5000000,0.0
GAME,0,4.3,5339,1000000,0.0
GAME,0,3.8,499,10000,3.99
GAME,0,4.5,219821,1000000,0.0
SPORTS,1,4.3,9412,1000000,0.0
GAME,0,4.5,80678,5000000,0.0
GAME,0,4.3,59,1000,0.0
SPORTS,1,4.7,29,1000,0.0
GAME,0,4.3,8432,500000,0.0
SPORTS,1,4.6,37167,1000000,0.0
GAME,0,4.5,6074627,100000000,0.0
SPORTS,1,3.9,2057,50000,1.99
SPORTS,1,4.4,7586,500000,0.0
SPORTS,1,4.6,34782,1000000,0.0
GAME,0,4.3,1083571,50000000,0.0
GAME,0,4.7,325,10000,0.0
GAME,0,4.2,685981,100000000,0.0
GAME,0,4.5,8193,500000,0.0
SPORTS,1,4.5,36255,1000000,0.0
GAME,0,4.5,4147718,100000000,0.0
SPORTS,1,4.7,12,500,0.0
GAME,0,4.1,94761,10000000,0.0
SPORTS,1,4.2,13799,500000,0.0
GAME,0,4.4,28510,500000,0.0
SPORTS,1,4.4,3829,1000000,0.0
SPORTS,1,4.6,69177,1000000,0.0
SPORTS,1,1.6,242,50000,0.0
SPORTS,1,4.2,9992,1000000,0.0
GAME,0,4.5,371318,10000000,0.0
SPORTS,1,4.4,20547,1000000,0.0
GAME,0,3.8,469,10000,0.0
GAME,0,4.8,265,1000,3.49
SPORTS,1,3.8,3547,100000,399.99
SPORTS,1,4.5,32386,1000000,0.0
SPORTS,1,1.4,45,5000,0.0
GAME,0,4.1,82827,10000000,0.0
GAME,0,4.3,11379,500000,0.0
SPORTS,1,4.3,101,10000,0.0
GAME,0,4.6,87766,1000000,4.99
GAME,0,3.8,4257,500000,0.0
GAME,0,4.4,1432447,50000000,0.0
GAME,0,4.8,230727,10000000,0.0
SPORTS,1,3.4,2256,500000,0.0
SPORTS,1,3.5,143,10000,0.0
GAME,0,4.3,4923,100000,0.0
SPORTS,1,3.2,5,100,0.0
SPORTS,1,2.6,680,50000,0.0
GAME,0,4.5,14198602,100000000,0.0
GAME,0,3.8,164,10000,0.0
SPORTS,1,4.3,601,100000,0.0
GAME,0,3.6,12846,1000000,0.0
GAME,0,4.5,1736105,10000000,0.0
GAME,0,4.7,7196,500000,0.0
GAME,0,3.9,108336,1000000,0.0
SPORTS,1,4.5,36255,1000000,0.0
SPORTS,1,4.5,121838,5000000,0.0
SPORTS,1,4.8,570242,10000000,0.0
GAME,0,4.0,995002,10000000,0.0
SPORTS,1,4.0,218,100000,0.0
GAME,0,4.4,5235294,100000000,0.0
SPORTS,1,4.0,5208,100000,0.0
GAME,0,4.4,2119218,50000000,0.0
SPORTS,1,4.4,55,1000,4.49
SPORTS,1,4.1,305,10000,0.0
SPORTS,1,4.8,18604,1000000,0.0
GAME,0,5.0,14,100,0.0
SPORTS,1,3.7,6667,1000000,0.0
GAME,0,4.5,148895,10000000,0.0
SPORTS,1,4.8,432160,10000000,0.0
GAME,0,3.4,148177,10000000,0.0
SPORTS,1,5.0,2,100,0.0
SPORTS,1,3.5,6145,10000000,0.0
GAME,0,4.8,133180,1000000,0.0
GAME,0,4.3,11051,1000000,0.0
SPORTS,1,4.2,28,1000,0.0
GAME,0,1.4,33,1000,0.0
SPORTS,1,4.3,242096,10000000,0.0
GAME,0,4.5,1041836,10000000,0.0
SPORTS,1,3.6,9,500,0.0
SPORTS,1,2.1,2390,100000,0.0
GAME,0,4.2,162,10000,0.0
GAME,0,4.3,71468,1000000,0.0
GAME,0,4.5,804,10000,0.0
SPORTS,1,4.6,37140,1000000,0.0
SPORTS,1,4.6,200,1000,2.49
GAME,0,4.3,10485308,500000000,0.0
GAME,0,4.7,16851,100000,1.99
SPORTS,1,4.3,989344,50000000,0.0
GAME,0,4.4,22428456,500000000,0.0
SPORTS,1,4.2,6,100,3.02
GAME,0,4.7,55952,1000000,0.0
GAME,0,4.3,246538,5000000,0.0
SPORTS,1,4.6,56145,1000000,0.0
GAME,0,3.6,120852,10000000,0.0
SPORTS,1,3.2,320,50000,0.0
SPORTS,1,4.2,14709,5000000,0.0
SPORTS,1,4.1,18968,5000000,0.0
GAME,0,3.7,80,10000,0.0
GAME,0,4.9,21119,100000,4.99
GAME,0,4.2,336386,10000000,0.0
SPORTS,1,4.1,9,1000,0.0
GAME,0,3.9,6121,500000,0.0
SPORTS,1,4.1,315,10000,0.0
SPORTS,1,3.8,926,50000,0.0
GAME,0,4.0,229329,10000000,0.0
SPORTS,1,4.1,361,50000,0.0
GAME,0,4.6,9883806,100000000,0.0
SPORTS,1,4.5,1312936,10000000,0.0
GAME,0,4.3,2251012,100000000,0.0
SPORTS,1,5.0,10,100,0.0
GAME,0,4.5,14892469,500000000,0.0
SPORTS,1,2.4,44,1000,0.0
SPORTS,1,4.4,155693,5000000,0.0
GAME,0,4.2,5449,500000,0.0
SPORTS,1,4.3,56270,5000000,0.0
SPORTS,1,3.7,27179,1000000,0.0
SPORTS,1,5.0,36,100,0.0
SPORTS,1,4.5,399009,10000000,0.0
GAME,0,3.8,51523,500000,0.0
GAME,0,3.5,2071,100000,0.0
GAME,0,4.6,100805,1000000,2.99
SPORTS,1,4.0,1338,100000,0.0
SPORTS,1,5.0,7,100,0.0
SPORTS,1,3.4,1845,100000,0.0
GAME,0,4.4,3344300,50000000,0.0
SPORTS,1,4.2,1140,500000,0.0
GAME,0,4.4,3697174,50000000,0.0
GAME,0,3.8,8175,1000000,0.0
GAME,0,4.6,4129665,50000000,0.0
SPORTS,1,5.0,1,50,0.0
SPORTS,1,4.1,14,100,0.0
SPORTS,1,3.0,26,1000,0.0
GAME,0,4.0,38448,5000000,0.0
SPORTS,1,4.9,66,1000,0.0
SPORTS,1,4.4,656,5000,0.99
GAME,0,4.4,257724,10000000,0.0
SPORTS,1,4.5,130104,10000000,0.0
GAME,0,4.4,438911,10000000,0.0
GAME,0,4.7,191,5000,0.0
GAME,0,4.4,3714270,50000000,0.0
GAME,0,4.5,197540,10000000,0.0
GAME,0,4.5,27725352,1000000000,0.0
GAME,0,3.9,1576,50000,0.0
SPORTS,1,4.0,50,5000,0.0
SPORTS,1,4.3,7543,500000,0.0
GAME,0,4.1,341,50000,0.0
GAME,0,4.2,6947,500000,0.0
GAME,0,2.5,450,10000,0.0
GAME,0,3.9,164,10000,0.0
SPORTS,1,2.2,19,1000,0.0
GAME,0,4.1,7904,500000,0.0
SPORTS,1,3.9,654,10000,4.99
GAME,0,4.4,58387,1000000,0.0
SPORTS,1,4.7,5229,500000,0.0
GAME,0,4.3,234110,50000000,0.0
SPORTS,1,4.6,1981,100000,0.0
GAME,0,4.2,1878,100000,0.0
SPORTS,1,4.7,163,1000,0.99
GAME,0,4.5,49971,5000000,0.0
GAME,0,4.3,1704112,50000000,0.0
SPORTS,1,4.0,232,50000,0.0
GAME,0,4.6,216675,10000000,0.0
GAME,0,4.0,22435,1000000,0.0
GAME,0,4.4,3250,1000000,0.0
GAME,0,4.4,5234810,100000000,0.0
SPORTS,1,2.9,41,1000,379.99
SPORTS,1,4.4,16637,1000000,0.0
SPORTS,1,4.8,3908,100000,0.0
SPORTS,1,4.4,622,10000,0.0
SPORTS,1,4.6,11549,100000,0.0
GAME,0,4.5,214777,5000000,0.0
GAME,0,4.4,17988,100000,4.99
SPORTS,1,4.7,56197,1000000,0.0
SPORTS,1,4.3,926,100000,0.0
SPORTS,1,4.5,32386,1000000,0.0
GAME,0,4.5,121533,10000000,0.0
GAME,0,3.1,50,10000,0.0
SPORTS,1,4.6,32433,1000000,0.0
SPORTS,1,4.0,176448,5000000,0.0
GAME,0,4.5,1117212,50000000,0.0
SPORTS,1,4.4,2107,100000,2.99
GAME,0,4.6,3883589,100000000,0.0
GAME,0,4.6,1480189,10000000,0.0
GAME,0,4.4,499483,10000000,0.0
GAME,0,4.3,146,10000,0.0
SPORTS,1,4.2,75545,5000000,0.0
SPORTS,1,4.3,3,100,0.0
SPORTS,1,4.1,6808,500000,0.0
SPORTS,1,3.5,217,50000,0.0
GAME,0,4.7,990586,10000000,0.0
SPORTS,1,4.6,1658,100000,0.0
GAME,0,4.3,133195,5000000,0.0
GAME,0,4.5,9881908,100000000,0.0
SPORTS,1,4.5,19074,1000000,0.0
GAME,0,4.7,155694,1000000,0.0
SPORTS,1,4.5,827651,10000000,0.0
GAME,0,4.3,1295625,100000000,0.0
SPORTS,1,3.9,987,10000,0.0
SPORTS,1,4.0,30840,1000000,0.0
SPORTS,1,4.6,118034,5000000,0.0
GAME,0,4.1,1686,100000,0.0
SPORTS,1,4.6,6477,10000,7.99
SPORTS,1,4.4,11506,100000,0.0
GAME,0,4.5,9883367,100000000,0.0
GAME,0,4.4,22426677,500000000,0.0
SPORTS,1,4.6,2067,50000,0.0
GAME,0,3.6,214,50000,0.0
GAME,0,4.3,834117,10000000,0.0
GAME,0,4.5,3778921,100000000,0.0
GAME,0,4.2,1497361,100000000,0.0
SPORTS,1,4.0,140995,10000000,0.0
GAME,0,4.2,139432,10000000,0.0
SPORTS,1,4.4,134195,10000000,0.0
GAME,0,4.2,93608,10000000,0.0
GAME,0,4.7,154264,10000000,0.0
SPORTS,1,4.4,708710,10000000,0.0
GAME,0,4.2,326689,10000000,0.0
GAME,0,4.0,267,10000,1.99
GAME,0,4.3,85882,10000000,0.0
SPORTS,1,4.6,4102,500000,0.0
GAME,0,4.4,33661,100000,2.99
SPORTS,1,4.2,3909032,100000000,0.0
SPORTS,1,4.5,32606,1000000,0.0
GAME,0,4.1,15763,1000000,0.0
SPORTS,1,4.3,91031,5000000,0.0
SPORTS,1,4.4,1690802,50000000,0.0
GAME,0,5.0,7,5,0.0
SPORTS,1,4.2,287,50000,0.0
GAME,0,3.9,404,100000,0.0
SPORTS,1,4.6,199,50000,0.0
GAME,0,4.5,634159,10000000,0.0
SPORTS,1,4.5,2371338,50000000,0.0
GAME,0,4.5,38297,10000000,0.0
GAME,0,4.5,785622,50000000,0.0
SPORTS,1,5.0,14,100,0.0
GAME,0,4.5,559,100000,0.0
SPORTS,1,4.5,328469,10000000,0.0
GAME,0,4.7,1536349,50000000,0.0
GAME,0,4.6,59800,5000000,0.0
GAME,0,4.3,2903386,100000000,0.0
SPORTS,1,4.5,190247,5000000,0.0
GAME,0,4.8,230710,10000000,0.0
SPORTS,1,4.5,23966,1000000,5.99
SPORTS,1,4.0,22,10000,0.0
GAME,0,3.6,12257,1000000,0.0
SPORTS,1,4.1,367505,10000000,0.0
GAME,0,4.3,771001,50000000,0.0
GAME,0,4.5,1128805,50000000,0.0
GAME,0,4.7,416,10000,2.99
SPORTS,1,4.6,10,100,3.88
SPORTS,1,2.2,4,1000,0.0
SPORTS,1,4.6,524299,10000000,0.0
SPORTS,1,4.3,14123,500000,0.0
SPORTS,1,4.0,135763,10000000,0.0
GAME,0,3.8,1088,100000,0.0
GAME,0,4.6,21266,100000,2.99
SPORTS,1,4.2,10944,1000000,0.0
GAME,0,4.6,7674252,100000000,0.0
GAME,0,4.3,320334,50000000,0.0
GAME,0,4.5,6071542,100000000,0.0
SPORTS,1,4.3,63782,5000000,0.0
SPORTS,1,4.7,410384,10000000,0.0
SPORTS,1,4.5,8096,1000000,0.0
SPORTS,1,4.5,12955,1000000,0.0
GAME,0,4.1,609,10000,0.0
GAME,0,3.6,153,10000,0.0
SPORTS,1,4.8,17,500,0.0
SPORTS,1,4.5,5517,500000,0.0
SPORTS,1,4.5,144050,5000000,0.0
SPORTS,1,4.4,95736,10000000,0.0
GAME,0,4.3,3904,10000,2.99
SPORTS,1,3.7,121,10000,0.0
GAME,0,4.3,8119151,500000000,0.0
GAME,0,4.3,309176,5000000,0.0
GAME,0,3.2,768,100000,0.0
GAME,0,4.7,37139,1000000,0.0
GAME,0,4.5,10393,1000000,0.0
GAME,0,3.9,172281,5000000,0.0
SPORTS,1,4.1,49147,1000000,0.0
SPORTS,1,4.4,2107,100000,2.99
SPORTS,1,4.7,410395,10000000,0.0
GAME,0,4.1,349503,10000000,0.0
SPORTS,1,4.4,133825,10000000,0.0
SPORTS,1,5.0,7,100,0.0
SPORTS,1,4.5,5675,100000,0.0
SPORTS,1,4.0,267,50000,0.0
SPORTS,1,4.2,277904,5000000,0.0
GAME,0,4.2,1500999,100000000,0.0
GAME,0,4.4,2119235,50000000,0.0
GAME,0,3.8,25275,5000000,0.0
GAME,0,4.1,1728557,50000000,0.0
GAME,0,4.4,5235294,100000000,0.0
SPORTS,1,4.4,4549,500000,0.0
SPORTS,1,4.5,501144,10000000,0.0
GAME,0,4.7,990663,10000000,0.0
SPORTS,1,4.4,26540,1000000,0.0
SPORTS,1,4.6,342,10000,0.0
GAME,0,4.1,74842,5000000,0.0
GAME,0,4.5,5476569,100000000,0.0
GAME,0,4.1,3371,100000,0.0
SPORTS,1,4.9,1420,10000,0.0
GAME,0,4.4,579519,10000000,0.0
SPORTS,1,4.6,652940,10000000,0.0
SPORTS,1,4.0,87,10000,0.0
SPORTS,1,4.5,191,10000,0.0
GAME,0,4.7,1535973,50000000,0.0
GAME,0,4.2,3816,100000,0.0
SPORTS,1,4.1,1076243,100000000,0.0
GAME,0,4.1,39895,5000000,0.0
